category,name,rating,reviews_count,area,address,google_place_id,website,google_maps_url,possible_existing_slug,possible_existing_place_id
restaurant,Noahs Lounge,4.5,2798,Cala Ratjada,"Avinguda d'Amèrica, 1, 2, 07590 Cala Rajada, Illes Balears",ChIJ5zbEQl8WlhIRW1EYFKYwZcg,http://www.cafenoahs.com/,https://maps.google.com/?cid=14440001270093205851&g_mp=Cidnb29nbGUubWFwcy5wbGFjZXMudjEuUGxhY2VzLlNlYXJjaFRleHQQAhgEIAA,,
restaurant,Roadhouse,4.3,2445,Artà,"Carrer de Cartago, 13, Platja de Palma i Pla de Sant Jordi, 07600 S'Arenal, Illes Balears",ChIJiYaM8USWlxIR0l-7f-3MU7E,https://www.roadhouse-arenal.com/,https://maps.google.com/?cid=12777781888202530770&g_mp=Cidnb29nbGUubWFwcy5wbGFjZXMudjEuUGxhY2VzLlNlYXJjaFRleHQQAhgEIAA,,
restaurant,Pazo do pulpo,4.4,2191,Palma,"Ctra. Militar, 219, Platja de Palma i Pla de Sant Jordi, 07600 S'Arenal, Illes Balears",ChIJA0Wu_EaWlxIRxnKD5pwbUcQ,http://www.casadopulpo.com/,https://maps.google.com/?cid=14146118265243660998&g_mp=Cidnb29nbGUubWFwcy5wbGFjZXMudjEuUGxhY2VzLlNlYXJjaFRleHQQAhgEIAA,,
restaurant,Cervecería Pedrín,4.2,2178,Inca,"Av. Rei Jaume II, 229, 07300 Inca, Illes Balears",ChIJbxN6eZbFlxIRExh0Wm1AmMo,https://cerveceriapedrin.shop/,https://maps.google.com/?cid=14598489030534633491&g_mp=Cidnb29nbGUubWFwcy5wbGFjZXMudjEuUGxhY2VzLlNlYXJjaFRleHQQAhgEIAA,,
restaurant,Los Poetas Andaluces,4.5,1950,Peguera,"Carrer dels Tarongers, 3, 07160 Peguera, Illes Balears",ChIJt89i9VEnmBIRcWT4VI3e5Gs,,https://maps.google.com/?cid=7774583555345638513&g_mp=Cidnb29nbGUubWFwcy5wbGFjZXMudjEuUGxhY2VzLlNlYXJjaFRleHQQAhgEIAA,,
restaurant,Ca s'Hereu Restaurante Cafè,4.5,1938,Binissalem,"Carrer de Pere Estruch, 1, 07350 Binissalem, Illes Balears",ChIJQb2_UVvBlxIRWm36dbbXk6s,,https://maps.google.com/?cid=12363462580725509466&g_mp=Cidnb29nbGUubWFwcy5wbGFjZXMudjEuUGxhY2VzLlNlYXJjaFRleHQQAhgEIAA,,
restaurant,Arroceria Casa Aurelio,4.4,1833,Palma,"Carrer d'Amílcar, 14, Platja de Palma i Pla de Sant Jordi, 07600 Palma, Illes Balears",ChIJbQae60uWlxIRX5E9h6nmMho,,https://maps.google.com/?cid=1887824809614479711&g_mp=Cidnb29nbGUubWFwcy5wbGFjZXMudjEuUGxhY2VzLlNlYXJjaFRleHQQAhgEIAA,,
restaurant,Pippers Restaurant Mediterrani,4.4,1819,Port d'Alcúdia,"Carretera d'Artà, 1, 07400 Platja d'Alcúdia, Illes Balears",ChIJN0Qdpo4slhIRLzmpobTB5-g,https://pippersrestaurant.com/,https://maps.google.com/?cid=16782595517969938735&g_mp=Cidnb29nbGUubWFwcy5wbGFjZXMudjEuUGxhY2VzLlNlYXJjaFRleHQQAhgEIAA,,
restaurant,Restaurante 1955,4.3,1816,Artà,"Carrer de Cartago, 39, Platja de Palma i Pla de Sant Jordi, 07600 S'Arenal, Illes Balears",ChIJ7zIgkkWWlxIRd-2bb15T7U0,https://grupo1955.com/restuarante-1955/,https://maps.google.com/?cid=5615235975465397623&g_mp=Cidnb29nbGUubWFwcy5wbGFjZXMudjEuUGxhY2VzLlNlYXJjaFRleHQQAhgEIAA,,
restaurant,El Gaucho Asador,4.4,1762,Can Picafort,"Carrer Silenci, 16, 07458 Can Picafort, Illes Balears",ChIJI7piP3EylhIRDWD3c0uiWuo,,https://maps.google.com/?cid=16886988197730934797&g_mp=Cidnb29nbGUubWFwcy5wbGFjZXMudjEuUGxhY2VzLlNlYXJjaFRleHQQAhgEIAA,,
restaurant,Bananas Son Bauló,4.3,1287,Can Picafort,"Carrer Marina, 48, 07458 Can Picafort, Illes Balears",ChIJ6xsmyxEylhIR7TP57VoLN_Q,http://www.bananassonbaulo.com/,https://maps.google.com/?cid=17597546554140996589&g_mp=Cidnb29nbGUubWFwcy5wbGFjZXMudjEuUGxhY2VzLlNlYXJjaFRleHQQAhgEIAA,,
restaurant,Restaurant Lluna 36,4.7,1254,Sóller,"Carrer de sa Lluna, 36, 07100 Sóller, Illes Balears",ChIJ0cdkTb7olxIRZojOcKaGDwE,https://www.luna36.es/,https://maps.google.com/?cid=76427768103864422&g_mp=Cidnb29nbGUubWFwcy5wbGFjZXMudjEuUGxhY2VzLlNlYXJjaFRleHQQAhgEIAA,,
restaurant,Ciao Ciao,4.6,1224,Can Picafort,"Passeig Colón, 124, 07458 Can Picafort, Illes Balears",ChIJ0Z8Fz3AylhIRVhfiDozObJg,https://mallorca-touristguide.com/restaurantes-can-picafort/pizzeria-ciao-ciao,https://maps.google.com/?cid=10983380692190238550&g_mp=Cidnb29nbGUubWFwcy5wbGFjZXMudjEuUGxhY2VzLlNlYXJjaFRleHQQAhgEIAA,,
restaurant,Restaurante La Cabaña – Puerto de Alcúdia,4.4,1204,Port d'Alcúdia,"Passeig Marítim, 14, 07400 Port d'Alcúdia, Illes Balears",ChIJceRMKYoslhIRetMG839TzJ8,https://lacabanapuertoalcudia.com/,https://maps.google.com/?cid=11514670156282778490&g_mp=Cidnb29nbGUubWFwcy5wbGFjZXMudjEuUGxhY2VzLlNlYXJjaFRleHQQAhgEIAA,,
restaurant,Restaurante en Port D' Alcudia S'OLI VERGE,4.5,1160,Port d'Alcúdia,"Carrer dels Fassers, 2, 07400 Port d'Alcúdia, Illes Balears",ChIJ6QqeNt0slhIRj5SO0FOA1d4,https://soliverge.es/,https://maps.google.com/?cid=16056881143929017487&g_mp=Cidnb29nbGUubWFwcy5wbGFjZXMudjEuUGxhY2VzLlNlYXJjaFRleHQQAhgEIAA,,
restaurant,La Pinta Bar-Restaurant,4.6,1157,Can Picafort,"Passeig Colón, 159, 07458 Can Picafort, Illes Balears",ChIJq6oO43kylhIRKzb_wBc-nB0,http://la-pinta.com/,https://maps.google.com/?cid=2133648595209893419&g_mp=Cidnb29nbGUubWFwcy5wbGFjZXMudjEuUGxhY2VzLlNlYXJjaFRleHQQAhgEIAA,,
restaurant,Restaurant Ca'n Salvador,4.4,1085,Porto Cristo,"Carrer d'En Sureda, 1, 07680 Porto Cristo, Illes Balears",ChIJtxDLOL1NlhIRitFCdUYC41s,https://restaurantcansalvador.com/,https://maps.google.com/?cid=6621138378803040650&g_mp=Cidnb29nbGUubWFwcy5wbGFjZXMudjEuUGxhY2VzLlNlYXJjaFRleHQQAhgEIAA,,
restaurant,Restaurante Mestral,4.4,1049,Cala d'Or,"Carrer de s'Espalmador, 21, 07660 Cala d'Or, Illes Balears",ChIJc6blScBQlhIRrjAmW13cV78,,https://maps.google.com/?cid=13787731077737361582&g_mp=Cidnb29nbGUubWFwcy5wbGFjZXMudjEuUGxhY2VzLlNlYXJjaFRleHQQAhgEIAA,,
restaurant,Restaurant Sa Parra,4.5,964,Porto Cristo,"Carrer dels Navegants, 103, 07680 Porto Cristo, Illes Balears",ChIJp9hAqclGlhIRYSFDeECR3RM,,https://maps.google.com/?cid=1431459962655285601&g_mp=Cidnb29nbGUubWFwcy5wbGFjZXMudjEuUGxhY2VzLlNlYXJjaFRleHQQAhgEIAA,,
restaurant,Bar s'Hotel,4.2,902,Binissalem,"Carrer Passeig des Born, 1, 07350 Binissalem, Illes Balears",ChIJL3zWTEPBlxIR39RAQwyYYcY,https://bar-shotel.shop/,https://maps.google.com/?cid=14294873870686016735&g_mp=Cidnb29nbGUubWFwcy5wbGFjZXMudjEuUGxhY2VzLlNlYXJjaFRleHQQAhgEIAA,,
restaurant,ARUX,4.8,897,Pollença,"Carrer Ecònom Torres, 17, 07470 Pollença, Illes Balears",ChIJ-c5AfZ_VlxIR6QgNSo9thPw,,https://maps.google.com/?cid=18195788856673765609&g_mp=Cidnb29nbGUubWFwcy5wbGFjZXMudjEuUGxhY2VzLlNlYXJjaFRleHQQAhgEIAA,,
restaurant,La Bodeguilla casa de comidas Arenal,4.8,853,S'Arenal,"Carrer Berga, 75, 07600 S'Arenal, Illes Balears",ChIJ2XWNSfuXlxIRnWf1v1wuqSk,,https://maps.google.com/?cid=3001981602511546269&g_mp=Cidnb29nbGUubWFwcy5wbGFjZXMudjEuUGxhY2VzLlNlYXJjaFRleHQQAhgEIAA,,
restaurant,Restaurant Ca'n Boqueta,4.5,819,Sóller,"Gran Via, 43, 07100 Sóller, Illes Balears",ChIJQ0iFEbnolxIRG4E7fvW1pYY,http://canboqueta.com/,https://maps.google.com/?cid=9702361038229045531&g_mp=Cidnb29nbGUubWFwcy5wbGFjZXMudjEuUGxhY2VzLlNlYXJjaFRleHQQAhgEIAA,,
restaurant,Restaurant Sa Canova,4.2,787,Campos,"Ronda de l'Estació, 18, 07630 Campos, Illes Balears",ChIJuU9oLd6tlxIRe1A0PoAytpo,http://www.facebook.com/restaurantsacanova,https://maps.google.com/?cid=11148153453983060091&g_mp=Cidnb29nbGUubWFwcy5wbGFjZXMudjEuUGxhY2VzLlNlYXJjaFRleHQQAhgEIAA,,
restaurant,Restaurante La Campana,4.7,780,Peguera,"Carrer de les Malgrats, 3, 07160 Peguera, Illes Balears",ChIJBfgp400nmBIRxpsqfxeePOw,,https://maps.google.com/?cid=17022654515308567494&g_mp=Cidnb29nbGUubWFwcy5wbGFjZXMudjEuUGxhY2VzLlNlYXJjaFRleHQQAhgEIAA,,
restaurant,El Rinconcito de la Patrona,4.7,779,Peguera,"Carrer de Palmira, 2, Local 4 y 5, 07160 Peguera, Illes Balears",ChIJC1-gDjaPlxIR4WFukWi83OI,,https://maps.google.com/?cid=16347147904750608865&g_mp=Cidnb29nbGUubWFwcy5wbGFjZXMudjEuUGxhY2VzLlNlYXJjaFRleHQQAhgEIAA,,
restaurant,Faro Cantina,4.5,776,Porto Cristo,"Carretera del Moll, 07680 Porto Cristo, Illes Balears",ChIJ0f2ot09HlhIRi1C-BP0BttM,,https://maps.google.com/?cid=15255382973982068875&g_mp=Cidnb29nbGUubWFwcy5wbGFjZXMudjEuUGxhY2VzLlNlYXJjaFRleHQQAhgEIAA,,
restaurant,S' Olivera,4.2,752,Binissalem,"Carrer del Conquistador, 82, 07350 Binissalem, Illes Balears",ChIJIxGSlUbBlxIRIgBrg0jJrlk,https://emiliocastrejon.com/,https://maps.google.com/?cid=6462323828602896418&g_mp=Cidnb29nbGUubWFwcy5wbGFjZXMudjEuUGxhY2VzLlNlYXJjaFRleHQQAhgEIAA,,
restaurant,Es Modern,4.5,737,Santanyí,"Santanyi n°5, 07630 Campos, Illes Balears",ChIJJynBBuGtlxIRZ6VpodjTk-g,https://www.facebook.com/esmodern.es,https://maps.google.com/?cid=16758971565750199655&g_mp=Cidnb29nbGUubWFwcy5wbGFjZXMudjEuUGxhY2VzLlNlYXJjaFRleHQQAhgEIAA,,
restaurant,Restaurante El Paradiso,4.5,731,Peguera,"Bulevar de Peguera, 48, 07160 Peguera, Illes Balears",ChIJV0-4uE4nmBIRSBUfU5YY2wY,https://elparadiso.es/,https://maps.google.com/?cid=494015618045908296&g_mp=Cidnb29nbGUubWFwcy5wbGFjZXMudjEuUGxhY2VzLlNlYXJjaFRleHQQAhgEIAA,,
restaurant,Restaurante Acuario,4.6,712,Can Picafort,"Passeig Colón, 161, 07458 Can Picafort, Illes Balears",ChIJ-eqrWHcylhIRQyi3r--_VxE,,https://maps.google.com/?cid=1249678457784707139&g_mp=Cidnb29nbGUubWFwcy5wbGFjZXMudjEuUGxhY2VzLlNlYXJjaFRleHQQAhgEIAA,,
restaurant,SA FOGANYA DE LLUCMAJOR,4.5,690,Llucmajor,"Carrer de Gràcia, 59, 07620 Llucmajor, Illes Balears",ChIJK0xk5aq7lxIRsVtiG2Wmz28,https://www.instagram.com/safoganyadellucmajor?igsh=MWdkZHlzZ2NiYzh1bA%3D%3D&utm_source=qr,https://maps.google.com/?cid=8056841211570445233&g_mp=Cidnb29nbGUubWFwcy5wbGFjZXMudjEuUGxhY2VzLlNlYXJjaFRleHQQAhgEIAA,,
restaurant,Bistro Noir | Restaurant Cala d'Or,4.4,643,Cala d'Or,"Carrer de Santanyí, n9, 07660 Cala d'Or, Illes Balears",ChIJE7MVLeZRlhIRo04HPOwQXLI,https://noirmallorca.com/,https://maps.google.com/?cid=12852166043413991075&g_mp=Cidnb29nbGUubWFwcy5wbGFjZXMudjEuUGxhY2VzLlNlYXJjaFRleHQQAhgEIAA,,
restaurant,Botanic Restobar,4.8,632,Cala Ratjada,"Carrer de l'Agulla, 103, 07590 Cala Lliteres, Illes Balears",ChIJb4I9ID8XlhIR83gz-32F9fU,,https://maps.google.com/?cid=17723218684718315763&g_mp=Cidnb29nbGUubWFwcy5wbGFjZXMudjEuUGxhY2VzLlNlYXJjaFRleHQQAhgEIAA,,
restaurant,Restaurante Molí de Sal campos,4.6,629,Colonia de Sant Jordi,"Carretera Campos a Sa Colònia de Sant Jordi, Km 8.3, 07630 Campos, Illes Balears",ChIJ8wECP1iplxIRHC2c-JD8gYA,http://www.molidesal.eu/es/,https://maps.google.com/?cid=9259960008426925340&g_mp=Cidnb29nbGUubWFwcy5wbGFjZXMudjEuUGxhY2VzLlNlYXJjaFRleHQQAhgEIAA,,
restaurant,RESTAURANT CAN TAMANY,4.5,591,Sóller,"07100 Sóller, Illes Balears",ChIJP3g6ORbplxIRzucHRULU19U,https://cantamany.com/,https://maps.google.com/?cid=15409018031162517454&g_mp=Cidnb29nbGUubWFwcy5wbGFjZXMudjEuUGxhY2VzLlNlYXJjaFRleHQQAhgEIAA,,
restaurant,Nirador,4.9,582,Peguera,"Bulevar de Peguera, 71, 07160 Peguera, Illes Balears",ChIJW0209WonmBIRoO-VzF_6EJg,http://www.nirador.de/,https://maps.google.com/?cid=10957533182753632160&g_mp=Cidnb29nbGUubWFwcy5wbGFjZXMudjEuUGxhY2VzLlNlYXJjaFRleHQQAhgEIAA,,
restaurant,Cafè Inca,4.7,577,Inca,"Carrer Joan d'Austria, 51, 07300 Inca, Illes Balears",ChIJRz8pjBbFlxIRiS9-pyJh0f8,http://www.esment.org/,https://maps.google.com/?cid=18433621551270997897&g_mp=Cidnb29nbGUubWFwcy5wbGFjZXMudjEuUGxhY2VzLlNlYXJjaFRleHQQAhgEIAA,,
restaurant,Tapas Palma Centre,4.4,559,Palma,"Plaça de Weyler, 1, Centre, 07003 Palma, Illes Balears",ChIJbc2KZk2TlxIRU3eOLjhhD14,https://www.tapaspalma.com/,https://maps.google.com/?cid=6777742858143037267&g_mp=Cidnb29nbGUubWFwcy5wbGFjZXMudjEuUGxhY2VzLlNlYXJjaFRleHQQAhgEIAA,,
restaurant,Ca'n Calent,4.2,551,Campos,"Ronda de l'Estació, 44, 07630 Campos, Illes Balears",ChIJQ6R519-tlxIRgCnioJblkkw,https://www.miquelcalent.com/cancalent-2/,https://maps.google.com/?cid=5517724928589310336&g_mp=Cidnb29nbGUubWFwcy5wbGFjZXMudjEuUGxhY2VzLlNlYXJjaFRleHQQAhgEIAA,,
restaurant,Tres Llunes,4.9,548,Sóller,"Carrer de sa Lluna, 102, 07100 Sóller, Illes Balears",ChIJvarXJorplxIRDuyO0y-iahs,https://www.facebook.com/profile.php?id=100089990595840,https://maps.google.com/?cid=1975569712851905550&g_mp=Cidnb29nbGUubWFwcy5wbGFjZXMudjEuUGxhY2VzLlNlYXJjaFRleHQQAhgEIAA,,
restaurant,Goia,4.9,515,Port de Sóller,"Passeig Es Traves, 14, 07108 Port de Sóller, Illes Balears",ChIJd6DV0eDllxIRbwNbEj_PpOE,http://goia.com.es/,https://maps.google.com/?cid=16259348424512177007&g_mp=Cidnb29nbGUubWFwcy5wbGFjZXMudjEuUGxhY2VzLlNlYXJjaFRleHQQAhgEIAA,,
restaurant,Restaurante del mar,4.5,508,Cala Ratjada,"Avinguda d'Amèrica, 31, 07590 Cala Rajada, Illes Balears",ChIJ_TrMcl8WlhIRLdf8Ud2nLKo,http://www.mallorca-delmar.com/,https://maps.google.com/?cid=12262360454428153645&g_mp=Cidnb29nbGUubWFwcy5wbGFjZXMudjEuUGxhY2VzLlNlYXJjaFRleHQQAhgEIAA,,
restaurant,Caliuet BaRestaurant,4.4,507,Llucmajor,"Plaça Espanya, 57, 07620 Llucmajor, Illes Balears",ChIJuZxZEwe7lxIR_pICbMsdCc8,http://caliuet.eltenedor.rest/,https://maps.google.com/?cid=14918488000169153278&g_mp=Cidnb29nbGUubWFwcy5wbGFjZXMudjEuUGxhY2VzLlNlYXJjaFRleHQQAhgEIAA,,
restaurant,Quina Brasa,4.6,444,Llucmajor,"Plaça Espanya, 5, 07620 Llucmajor, Illes Balears",ChIJfxz25Qy7lxIRjVHcq7Fp9uY,,https://maps.google.com/?cid=16642605684807717261&g_mp=Cidnb29nbGUubWFwcy5wbGFjZXMudjEuUGxhY2VzLlNlYXJjaFRleHQQAhgEIAA,,
restaurant,Blend brunch café de especialidad.,4.9,415,Port d'Andratx,"Avinguda de Gabriel Roca i Garcías, 1, 07157 Port d'Andratx, Illes Balears",ChIJr83DLbQhmBIRH_Nl6QfM_BU,,https://maps.google.com/?cid=1584365503280182047&g_mp=Cidnb29nbGUubWFwcy5wbGFjZXMudjEuUGxhY2VzLlNlYXJjaFRleHQQAhgEIAA,,
restaurant,Bodegas José L. Ferrer,4.5,412,Binissalem,"Carrer del Conquistador, 103, 07350 Binissalem, Illes Balears",ChIJ3zfkzkbBlxIRUtIaI6AwmQ4,http://www.vinosferrer.com/,https://maps.google.com/?cid=1051925452309582418&g_mp=Cidnb29nbGUubWFwcy5wbGFjZXMudjEuUGxhY2VzLlNlYXJjaFRleHQQAhgEIAA,,
restaurant,Calypso Restaurant & Bar,4.5,391,Porto Cristo,"Plaza Frances Ramis, 2, 07680 Porto Cristo, Illes Balears",ChIJrzGf635HlhIRTiCTaLZ73TQ,https://www.instagram.com/calypsorestaurantbar/profilecard/?igsh=eGQ3a2Q1bHNvMWdj,https://maps.google.com/?cid=3809336883194044494&g_mp=Cidnb29nbGUubWFwcy5wbGFjZXMudjEuUGxhY2VzLlNlYXJjaFRleHQQAhgEIAA,,
restaurant,El Pino Torrador Grill (Portocristo),4.2,385,Porto Cristo,"Ctra. de les Coves, 4, 07680 Porto Cristo, Illes Balears",ChIJVb6xIbFGlhIRCB-8xhwS93c,,https://maps.google.com/?cid=8644397924563558152&g_mp=Cidnb29nbGUubWFwcy5wbGFjZXMudjEuUGxhY2VzLlNlYXJjaFRleHQQAhgEIAA,,
restaurant,MAREA ITALIANA Grill & Drinks,4.7,361,Cala Ratjada,"Avinguda d'Amèrica, 13, 07590 Cala Rajada, Illes Balears",ChIJZRVY5fUWlhIRsMihiZNTY74,https://www.instagram.com/el_marea_italiana/,https://maps.google.com/?cid=13718900783035041968&g_mp=Cidnb29nbGUubWFwcy5wbGFjZXMudjEuUGxhY2VzLlNlYXJjaFRleHQQAhgEIAA,,
restaurant,RESTAURANTE BELLAVISTA PUERTO POLLENSA,4.5,348,Pollença,"Carrer de l'Almirall Cervera, 2, 07470, 07470 Pollença, Illes Balears",ChIJq7Xw_zXVlxIRbRrgISihEnM,,https://maps.google.com/?cid=8291867057681603181&g_mp=Cidnb29nbGUubWFwcy5wbGFjZXMudjEuUGxhY2VzLlNlYXJjaFRleHQQAhgEIAA,,
restaurant,Restaurant Roland,4.8,337,Porto Cristo,"Carrer de la Tramuntana, 11, 07680 Porto Cristo, Illes Balears",ChIJm0dIZ7ZGlhIRNzklbZDcrKk,http://roland-restaurant.es/en/,https://maps.google.com/?cid=12226389601268611383&g_mp=Cidnb29nbGUubWFwcy5wbGFjZXMudjEuUGxhY2VzLlNlYXJjaFRleHQQAhgEIAA,,
restaurant,The Sea Club Restaurant & Cocktail Bar,4.6,330,Cala Ratjada,"Avinguda d'Amèrica, 28, 07590 Cala Rajada, Illes Balears",ChIJP7HXJsYXlhIRDQdwaOuOCUY,https://theseaclubrestaurant.com/,https://maps.google.com/?cid=5046721999165982477&g_mp=Cidnb29nbGUubWFwcy5wbGFjZXMudjEuUGxhY2VzLlNlYXJjaFRleHQQAhgEIAA,,
restaurant,Chez Junior Sóller,4.5,316,Sóller,"Plaça de sa Constitució, 2, 07100 Sóller, Illes Balears",ChIJ-2T2UqPplxIRvBDZFNJ03go,https://www.chezjunior.com/,https://maps.google.com/?cid=783191830850769084&g_mp=Cidnb29nbGUubWFwcy5wbGFjZXMudjEuUGxhY2VzLlNlYXJjaFRleHQQAhgEIAA,,
restaurant,Restaurante Copacabana,4.5,316,Can Picafort,"Carrer Pizarro, 1, 07458 Can Picafort, Illes Balears",ChIJO9y3jP0zlhIRhmY9NcXMZNs,https://restaurantecopacabana.es/,https://maps.google.com/?cid=15808985739351123590&g_mp=Cidnb29nbGUubWFwcy5wbGFjZXMudjEuUGxhY2VzLlNlYXJjaFRleHQQAhgEIAA,,
restaurant,Amayò Mare Trattoria,4.9,310,Palma,"Carrer Fita, 3, Platja de Palma i Pla de Sant Jordi, 07600 Palma, Illes Balears",ChIJqWK0a3iXlxIR5wyVi2y5F4o,,https://maps.google.com/?cid=9950625777547807975&g_mp=Cidnb29nbGUubWFwcy5wbGFjZXMudjEuUGxhY2VzLlNlYXJjaFRleHQQAhgEIAA,,
restaurant,Villa Columbus restaurant Paguera,4.7,309,Peguera,"Carrer dels Pins, 13, 07160 Peguera, Illes Balears",ChIJIxoMbVInmBIRp2M5Sk8BCzE,https://www.villacolumbus.com/restaurant-paguera/,https://maps.google.com/?cid=3533919772661605287&g_mp=Cidnb29nbGUubWFwcy5wbGFjZXMudjEuUGxhY2VzLlNlYXJjaFRleHQQAhgEIAA,,
restaurant,Restaurant es Mirador de Son Samà,4.5,292,Llucmajor,"Carretera Ctra. Porreres, 0, Km 3 5, SN, 07620 Llucmajor, Illes Balears",ChIJk-Fw__66lxIRDcpNwt16K9Q,http://www.sonsama.com/,https://maps.google.com/?cid=15288448452905519629&g_mp=Cidnb29nbGUubWFwcy5wbGFjZXMudjEuUGxhY2VzLlNlYXJjaFRleHQQAhgEIAA,,
restaurant,"Fum Arroceria, Cocina De Autor Angel Fita",4.8,290,Llucmajor,"Carrer de sa Font, 18, 07620 Llucmajor, Illes Balears",ChIJR6Ejaeq7lxIRx8lge7NKkyo,https://fumfita.com/,https://maps.google.com/?cid=3067877905898981831&g_mp=Cidnb29nbGUubWFwcy5wbGFjZXMudjEuUGxhY2VzLlNlYXJjaFRleHQQAhgEIAA,,
restaurant,Restaurant Pizzeria Volvér,4.4,268,Binissalem,"Carrer Església, Plaça, 20, 07350 Binissalem, Illes Balears",ChIJ_U_O28LBlxIRDwstxJt-m-s,https://volver-restaurant.eatbu.com/,https://maps.google.com/?cid=16977302427779533583&g_mp=Cidnb29nbGUubWFwcy5wbGFjZXMudjEuUGxhY2VzLlNlYXJjaFRleHQQAhgEIAA,,
restaurant,Sa Somera,4.3,264,Andratx,"Plaça España, 07150 Andratx, Illes Balears",ChIJeVlIAEIhmBIRXwwdhbByYug,,https://maps.google.com/?cid=16745072466990009439&g_mp=Cidnb29nbGUubWFwcy5wbGFjZXMudjEuUGxhY2VzLlNlYXJjaFRleHQQAhgEIAA,,
restaurant,INIMI Santanyí - Restaurant,4.3,260,Santanyí,"Plaça Major, 28, 07650 Santanyí, Illes Balears",ChIJ5Wfca5xVlhIRS9UJLkfhA3w,,https://maps.google.com/?cid=8936233781464520011&g_mp=Cidnb29nbGUubWFwcy5wbGFjZXMudjEuUGxhY2VzLlNlYXJjaFRleHQQAhgEIAA,,
restaurant,Trocadero,4.5,259,Pollença,"Carrer d'Antoni Maura, 12, 07460 Pollença, Illes Balears",ChIJM1u3UDPXlxIRyxrwku8fw3A,https://www.instagram.com/trocadero.pollenca/,https://maps.google.com/?cid=8125373266529360587&g_mp=Cidnb29nbGUubWFwcy5wbGFjZXMudjEuUGxhY2VzLlNlYXJjaFRleHQQAhgEIAA,,
restaurant,Sea Side Restaurante,4.8,235,Port de Pollença,"Passeig d'Anglada Camarasa, 21, 07470 Port de Pollença, Illes Balears",ChIJwyaOxiTVlxIRtsUDdrYCcS4,https://www.google.com/search?q=Sea+Side+Restaurante&stick=H4sIAAAAAAAA_-NgU1I1qDA0sjRPMTUySTazSDUySza2MqgwSjU3NDBKMjM3MzBONk0yW8QqEpyaqBCcmZKqEJRaXJJYWpSYV5IKAPTLmytAAAAA&hl=es&mat=CTt357oDOEzsElcB7PxHsXhK8WmxoiZRuWB1G5qYe1GSmDHNrpNxJNL9bSbpn1W8xOU4Mh6BxatYu5rFCpUPg5u9xuigf3jCrVQ3cIaFYqzCRNI-MHvDoF5Q_xpOrVJsIy0&authuser=0#mpd=editprofile/info/website,https://maps.google.com/?cid=3346458980800251318&g_mp=Cidnb29nbGUubWFwcy5wbGFjZXMudjEuUGxhY2VzLlNlYXJjaFRleHQQAhgEIAA,,
restaurant,Korhu Restaurante,4.7,206,Port d'Alcúdia,"Passeig Marítim, 44, 07400 Port d'Alcúdia, Illes Balears",ChIJxfGWSAAtlhIRcDFiiCfq5KU,https://www.covermanager.com/reservation/module_restaurant/korhu/spanish?source=INSTAGRAM&fbclid=PAT01DUAQYRBpleHRuA2FlbQIxMABzcnRjBmFwcF9pZA81NjcwNjczNDMzNTI0MjcAAaelWLLWoMUyJY-itk0maR7sLjWsDuyK34kXcYOcvmgPBV5v2SWNVHwqtOkKZA_aem_X4xpuObKPUgxtwTa3m52uA,https://maps.google.com/?cid=11953936766460899696&g_mp=Cidnb29nbGUubWFwcy5wbGFjZXMudjEuUGxhY2VzLlNlYXJjaFRleHQQAhgEIAA,,
restaurant,MILTON’S PIZZERIA BRUNCH CAFFE,4.7,158,Alcúdia,"Av. Pere Mas i Reus, 36, 07400 Alcúdia, Illes Balears",ChIJtyTnWxstlhIR1DdHLBRODbo,https://www.instagram.com/miltons_restaurant?igsh=cGRrZWxhdW04dXdt,https://maps.google.com/?cid=13406457514301011924&g_mp=Cidnb29nbGUubWFwcy5wbGFjZXMudjEuUGxhY2VzLlNlYXJjaFRleHQQAhgEIAA,,
restaurant,coHeo,4.8,150,Binissalem,"Carrer Església, Plaça, 17, 07350 Binissalem, Illes Balears",ChIJ8cHemX7BlxIRtO_IGzRnwew,https://www.coheo.es/,https://maps.google.com/?cid=17060030336958263220&g_mp=Cidnb29nbGUubWFwcy5wbGFjZXMudjEuUGxhY2VzLlNlYXJjaFRleHQQAhgEIAA,,
restaurant,Balneario 6 | Alcúdia Beach Bar,4.5,149,Alcúdia,"Playa de Alcudia s/n, 07400 Alcúdia, Illes Balears",ChIJb8ytE9MtlhIRzIAuJ28KKoA,https://www.balneario6.com/,https://maps.google.com/?cid=9235205458391630028&g_mp=Cidnb29nbGUubWFwcy5wbGFjZXMudjEuUGxhY2VzLlNlYXJjaFRleHQQAhgEIAA,,
restaurant,Es Brot,4.7,147,Sa Ràpita,"Carrer de sa Ràpita, 44, 07630 Campos, Illes Balears",ChIJ5Zu6oguulxIR--46TJkSYU0,,https://maps.google.com/?cid=5575758263279611643&g_mp=Cidnb29nbGUubWFwcy5wbGFjZXMudjEuUGxhY2VzLlNlYXJjaFRleHQQAhgEIAA,,
restaurant,coco's sandwicheria,4.8,137,Santanyí,"C/ de Santanyí, 19, 07630 Campos, Illes Balears",ChIJ9Vshk5GtlxIRLDC51HteoVw,,https://maps.google.com/?cid=6674720008682680364&g_mp=Cidnb29nbGUubWFwcy5wbGFjZXMudjEuUGxhY2VzLlNlYXJjaFRleHQQAhgEIAA,,
restaurant,RNA Club House,4.6,134,Manacor,"Carretera de Cales de Mallorca, km 1, 2, 07500 Manacor, Illes Balears",ChIJ7Z3tWlNJlhIRfupRVyGbHCg,https://sportcafe.rafanadalacademy.com/club-house/,https://maps.google.com/?cid=2890355628366228094&g_mp=Cidnb29nbGUubWFwcy5wbGFjZXMudjEuUGxhY2VzLlNlYXJjaFRleHQQAhgEIAA,,
restaurant,SASTRE HERMANOS,4.9,112,Alcúdia,"C/ Major, 48, 07400 Alcúdia, Illes Balears",ChIJlRrd5sotlhIRUql-XemxRaM,,https://maps.google.com/?cid=11765005217429367122&g_mp=Cidnb29nbGUubWFwcy5wbGFjZXMudjEuUGxhY2VzLlNlYXJjaFRleHQQAhgEIAA,,
restaurant,ONYX,4.8,111,Peguera,"Carrer Eucaliptus, 6, 07160 Peguera, Illes Balears",ChIJ15Q3gZonmBIREFPNVEEmxEY,,https://maps.google.com/?cid=5099242740127716112&g_mp=Cidnb29nbGUubWFwcy5wbGFjZXMudjEuUGxhY2VzLlNlYXJjaFRleHQQAhgEIAA,,
restaurant,Clarify Restaurante,4.7,110,Campos,"Avinguda Nicolau Oliver Fullana, 4, local 3, 07630 Campos, Illes Balears",ChIJkbTcLs6tlxIRaucYxdJgDuc,http://www.clarifyrestaurante.es/,https://maps.google.com/?cid=16649351330801444714&g_mp=Cidnb29nbGUubWFwcy5wbGFjZXMudjEuUGxhY2VzLlNlYXJjaFRleHQQAhgEIAA,,
restaurant,Binissalem,4.4,107,Palma,"Carrer del Dofí, 3, Platja de Palma i Pla de Sant Jordi, 07610 Can Pastilla, Illes Balears",ChIJJwrTIaCWlxIR43fG1C1QjfI,,https://maps.google.com/?cid=17477713886668290019&g_mp=Cidnb29nbGUubWFwcy5wbGFjZXMudjEuUGxhY2VzLlNlYXJjaFRleHQQAhgEIAA,,
restaurant,terraza y sabor,4.8,97,S'Arenal,"Av. Europa, 4, local 7, 07600 S'Arenal, Illes Balears",ChIJowEDSXqXlxIRLy0NZrY4v3s,,https://maps.google.com/?cid=8916908143264214319&g_mp=Cidnb29nbGUubWFwcy5wbGFjZXMudjEuUGxhY2VzLlNlYXJjaFRleHQQAhgEIAA,,
restaurant,Il Tano Llucmajor,4.9,96,Llucmajor,"Plaça Espanya, 15, 07620 Llucmajor, Illes Balears",ChIJLwfxDl27lxIRePJA8yNWKjI,https://www.iltano.com/,https://maps.google.com/?cid=3614796363323208312&g_mp=Cidnb29nbGUubWFwcy5wbGFjZXMudjEuUGxhY2VzLlNlYXJjaFRleHQQAhgEIAA,,
restaurant,Contro Corrente Beach Club,4.7,93,Peguera,"Bulevar de Peguera, 52, playa, 07160 Peguera, Illes Balears",ChIJdXC3JWInmBIRnnpDE2Q0duI,https://restaurant-controcorrente.com/,https://maps.google.com/?cid=16318287904248134302&g_mp=Cidnb29nbGUubWFwcy5wbGFjZXMudjEuUGxhY2VzLlNlYXJjaFRleHQQAhgEIAA,,
restaurant,El Patio Restaurante,4.7,90,Peguera,"Bulevar de Peguera, 31, 07160 Peguera, Illes Balears",ChIJX8aTsc8nmBIRbllpsIdmACE,https://www.pagueratreff-boutiquehotel.com/es/,https://maps.google.com/?cid=2378013336217934190&g_mp=Cidnb29nbGUubWFwcy5wbGFjZXMudjEuUGxhY2VzLlNlYXJjaFRleHQQAhgEIAA,,
restaurant,Alemany Restaurant,5,87,Sóller,"Hotel Cal Bisbe, Carrer de Bisbe Nadal, 10, 07100 Sóller, Illes Balears",ChIJraXHrVLplxIRgTbDx1PKXIQ,https://alemanyrestaurant.com/,https://maps.google.com/?cid=9537720572046423681&g_mp=Cidnb29nbGUubWFwcy5wbGFjZXMudjEuUGxhY2VzLlNlYXJjaFRleHQQAhgEIAA,,
restaurant,Perbacco,4.4,86,Binissalem,"Carrer de l'Església, 1, 07350 Binissalem, Illes Balears",ChIJqeh9X6nBlxIR8W2aAsp_uME,https://www.instagram.com/cafeteria_perbacco?igsh=MXJ5YXZ5a2VhN3VwYg==&utm_source=qr,https://maps.google.com/?cid=13959047550638648817&g_mp=Cidnb29nbGUubWFwcy5wbGFjZXMudjEuUGxhY2VzLlNlYXJjaFRleHQQAhgEIAA,,
restaurant,Ristorante SU DI NOI,4.9,84,Peguera,"Bulevar de Peguera, 26, 07160 Peguera, Illes Balears",ChIJawneGPgnmBIR_Dyt2hPkY74,https://www.ristorante-sudinoi.com/,https://maps.google.com/?cid=13719059663824960764&g_mp=Cidnb29nbGUubWFwcy5wbGFjZXMudjEuUGxhY2VzLlNlYXJjaFRleHQQAhgEIAA,,
restaurant,ES SUISS | GASTRO BAR,4.6,71,Inca,"C. del Vent, 27, 07300 Inca, Illes Balears",ChIJvSRZWL_FlxIR_otw4BdcIQc,,https://maps.google.com/?cid=513793090116422654&g_mp=Cidnb29nbGUubWFwcy5wbGFjZXMudjEuUGxhY2VzLlNlYXJjaFRleHQQAhgEIAA,,
restaurant,restaurante caliu parrilla grill,4.9,67,Sóller,"Carrer de sa Romaguera, 29, 07100 Sóller, Illes Balears",ChIJCyjJFXDplxIRpF9A-hxrDJQ,,https://maps.google.com/?cid=10668019389535641508&g_mp=Cidnb29nbGUubWFwcy5wbGFjZXMudjEuUGxhY2VzLlNlYXJjaFRleHQQAhgEIAA,,
restaurant,Oltre Pizzeria & Cocktail bar,4.9,65,Binissalem,"Carrer de l'Església, 24, 07350 Binissalem, Illes Balears",ChIJp5vwOe7BlxIRFjNxg1e5WLU,,https://maps.google.com/?cid=13067398104334021398&g_mp=Cidnb29nbGUubWFwcy5wbGFjZXMudjEuUGxhY2VzLlNlYXJjaFRleHQQAhgEIAA,,
restaurant,El Paso Cantina Tex Mex,4.9,65,Binissalem,"Carrer de sa Mostra, 32, 07350 Binissalem, Illes Balears",ChIJPTBLBPHBlxIRgZtm8MX71LQ,,https://maps.google.com/?cid=13030316449450072961&g_mp=Cidnb29nbGUubWFwcy5wbGFjZXMudjEuUGxhY2VzLlNlYXJjaFRleHQQAhgEIAA,,
restaurant,Yass,4.7,59,Campos,"Carrer de Plaça, 17, 07630 Campos, Illes Balears",ChIJw-_5Xq6tlxIRlRGN1mdm9UY,,https://maps.google.com/?cid=5113105548116300181&g_mp=Cidnb29nbGUubWFwcy5wbGFjZXMudjEuUGxhY2VzLlNlYXJjaFRleHQQAhgEIAA,,
restaurant,Restaurant Torre Playa – Seafront Restaurant in Port de Pollença,4.8,53,Port de Pollença,"Passeig Saralegui, 136, 07470 Port de Pollença, Illes Balears",ChIJ14j2RrrVlxIRdFd-2DkWcwc,https://octotable.com/book/restaurant/1002248/booking/new,https://maps.google.com/?cid=536797218288326516&g_mp=Cidnb29nbGUubWFwcy5wbGFjZXMudjEuUGxhY2VzLlNlYXJjaFRleHQQAhgEIAA,,
restaurant,Entre Pisco y Nazca,4.8,53,Pollença,"07460 Pollença, Illes Balears",ChIJGyi6l4nXlxIRuDFWWYgCIPA,http://61b5e9be6ad9a.site123.me/,https://maps.google.com/?cid=17302832552995074488&g_mp=Cidnb29nbGUubWFwcy5wbGFjZXMudjEuUGxhY2VzLlNlYXJjaFRleHQQAhgEIAA,,
restaurant,Ca’n Pere Restaurante,4.6,53,Alcúdia,"Carrer d'En Serra, 12, 07400 Alcúdia, Illes Balears",ChIJXcj0XEYtlhIRjYZWvSJG3aE,https://restaurantecanpere.es/,https://maps.google.com/?cid=11663555724978849421&g_mp=Cidnb29nbGUubWFwcy5wbGFjZXMudjEuUGxhY2VzLlNlYXJjaFRleHQQAhgEIAA,,
hotel,Insotel Cala Mandía Resort & Spa,4.4,3736,Porto Cristo,"Passeig Federico García Lorca, s/n, 07680 Cala Anguila - Cala Mendia, Illes Balears",ChIJHcVLfidElhIR4uFkTSX7hYI,http://www.insotel.com/,https://maps.google.com/?cid=9405199534463967714&g_mp=Cidnb29nbGUubWFwcy5wbGFjZXMudjEuUGxhY2VzLlNlYXJjaFRleHQQAhgEIAA,,
hotel,BLUESEA Gran Playa,4.3,2803,Cala Millor,"Calle Ses, Plaça de la Estepes, 5, 07560 Sa Coma, Illes Balears",ChIJvSkNlPZAlhIRedh5Wr1NpkU,https://www.blueseahotels.com/hoteles/destinos/mallorca/sa-coma/bluesea-gran-playa?utm_source=mybusiness&utm_medium=organic&utm_campaign=GMB&utm_content=BLUESEAGranPlaya,https://maps.google.com/?cid=5018784310413088889&g_mp=Cidnb29nbGUubWFwcy5wbGFjZXMudjEuUGxhY2VzLlNlYXJjaFRleHQQAhgEIAA,,
hotel,Hotel Almudaina,4.4,1944,Palma,"Av. de Jaume III, 9, Centre, 07012 Palma, Illes Balears",ChIJp4vaE1uSlxIRmMRpdmODNC8,https://www.hotelalmudaina.com/?utm_source=google&utm_medium=organic&utm_campaign=GMB&utm_content=HotelAlmudaina,https://maps.google.com/?cid=3401488081783211160&g_mp=Cidnb29nbGUubWFwcy5wbGFjZXMudjEuUGxhY2VzLlNlYXJjaFRleHQQAhgEIAA,,
hotel,Grupotel Alcudia Pins,4,1914,Playa de Muro,"Carrer Canyes, s/n, 07458 Playa de Muro, Illes Balears",ChIJv9tbb24tlhIRAIw-Dtl10cY,https://grupotel.com/es/hotels/mallorca/playa-de-muro/alcudia-pins,https://maps.google.com/?cid=14326361464749591552&g_mp=Cidnb29nbGUubWFwcy5wbGFjZXMudjEuUGxhY2VzLlNlYXJjaFRleHQQAhgEIAA,,
hotel,Universal Hotel Marqués,4.3,1788,Colonia de Sant Jordi,"Plaça Molí de sa Sal, s/n, 07638 Colònia de Sant Jordi, Illes Balears",ChIJS4u23weplxIRqnFb7Ccz-Z4,https://www.universalbeachhotels.com/hoteles/universal-hotel-marques?utm_source=google&utm_medium=organic&utm_campaign=GMB&utm_content=universalhotelmarques,https://maps.google.com/?cid=11455243373755724202&g_mp=Cidnb29nbGUubWFwcy5wbGFjZXMudjEuUGxhY2VzLlNlYXJjaFRleHQQAhgEIAA,,
hotel,Grupotel Los Príncipes & Spa,4.2,1722,Can Picafort,"Carrer Galió, 31, 07458 Muro, Illes Balears",ChIJiR2VsSEtlhIRX3iSTKKLCa4,https://grupotel.com/de/hotels/mallorca/playa-de-muro/los-principes-spa,https://maps.google.com/?cid=12540708166575487071&g_mp=Cidnb29nbGUubWFwcy5wbGFjZXMudjEuUGxhY2VzLlNlYXJjaFRleHQQAhgEIAA,,
hotel,Hotel Nixe Palace,4.6,1713,Palma,"Avinguda de Joan Miró, 269, Ponent, 07015 Palma, Illes Balears",ChIJS0aBte-NlxIRmTn3QbQgQ_0,https://www.hotelmallorcanixepalace.com/?utm_source=google&utm_medium=organic&utm_campaign=my_business,https://maps.google.com/?cid=18249466073608305049&g_mp=Cidnb29nbGUubWFwcy5wbGFjZXMudjEuUGxhY2VzLlNlYXJjaFRleHQQAhgEIAA,,
hotel,Hotel Exagon Park,4.2,1591,Can Picafort,"Ronda de la Pleta, 46, 07458 Can Picafort, Illes Balears",ChIJd8dPBBcylhIRWUr6IhSXVtc,https://www.exagonpark.com/?utm_medium=organic&utm_source=google&utm_campaign=google-my-business&utm_term=google-local,https://maps.google.com/?cid=15516755678893591129&g_mp=Cidnb29nbGUubWFwcy5wbGFjZXMudjEuUGxhY2VzLlNlYXJjaFRleHQQAhgEIAA,,
hotel,EIX Platja Daurada Hotel & Spa,4.1,1537,Can Picafort,"Passeig Colón, s/n, 07458 Can Picafort, Illes Balears",ChIJjd2d2XgylhIRBU8gyLhMWms,https://www.eixhotels.com/hoteles/eix-platja-daurada-hotel-y-spa?utm_source=google&utm_medium=organic&utm_campaign=GMB&utm_content=eixplatjadauradahotel&spa,https://maps.google.com/?cid=7735579666477502213&g_mp=Cidnb29nbGUubWFwcy5wbGFjZXMudjEuUGxhY2VzLlNlYXJjaFRleHQQAhgEIAA,,
hotel,INNSiDE by Meliá Calviá Beach,4.2,1536,Calvià,"Avinguda de l'Olivera, 4, 07181 Calvià, Illes Balears",ChIJq6o2rimJlxIRe58VHddJGto,https://www.melia.com/en/hotels/spain/majorca/innside-calvia-beach?utm_campaign=google&utm_content=0782&utm_medium=organic&utm_source=directories,https://maps.google.com/?cid=15715955037917519739&g_mp=Cidnb29nbGUubWFwcy5wbGFjZXMudjEuUGxhY2VzLlNlYXJjaFRleHQQAhgEIAA,,
hotel,Hotel Joan Miró Museum,4.2,1429,Palma,"Carrer de Bartomeu Fons, 8, Ponent, 07015 Palma, Illes Balears",ChIJiw_8sPGNlxIRs-OQtDYt4eY,https://www.hoteljoanmiro.com/es/?utm_source=google&utm_medium=organic&utm_campaign=google-my-business,https://maps.google.com/?cid=16636628211464201139&g_mp=Cidnb29nbGUubWFwcy5wbGFjZXMudjEuUGxhY2VzLlNlYXJjaFRleHQQAhgEIAA,,
hotel,Allsun Hotel Sumba,4.1,1420,Cala Millor,"Av. sa Coma, 41, 43, 07560 Cala Millor, Illes Balears",ChIJAQAAwIA_lhIRVaL9t4rvODM,https://www.alltours.de/hotels/allsun-hotel-sumba-mallorca-pmi362.html,https://maps.google.com/?cid=3690963273701499477&g_mp=Cidnb29nbGUubWFwcy5wbGFjZXMudjEuUGxhY2VzLlNlYXJjaFRleHQQAhgEIAA,,
hotel,Prinsotel La Pineda Hotel Apartamentos,4.3,1372,Cala Ratjada,"Carrer Castellet, 72, 07590 Cala Rajada, Illes Balears",ChIJ9-2HklcWlhIRpmaThGgA_RE,https://www.prinsotel.com/es/hoteles-mallorca/prinsotel-la-pineda?utm_source=google&utm_medium=organic&utm_campaign=my_business&utm_content=pineda,https://maps.google.com/?cid=1296192716653422246&g_mp=Cidnb29nbGUubWFwcy5wbGFjZXMudjEuUGxhY2VzLlNlYXJjaFRleHQQAhgEIAA,,
hotel,Hotel THB Gran Bahía,4.4,1351,Can Picafort,"Carrer Almirall Cervera, 1, 07458 Can Picafort, Illes Balears",ChIJbewxLHIylhIRpnlJfYHQ_zM,https://www.thbhotels.com/hotel-gran-bahia-can-picafort/?utm_source=google&utm_medium=organic&utm_campaign=my_business&utm_content=site_web,https://maps.google.com/?cid=3746942669566867878&g_mp=Cidnb29nbGUubWFwcy5wbGFjZXMudjEuUGxhY2VzLlNlYXJjaFRleHQQAhgEIAA,,
hotel,allsun Hotel Bahía del Este,4.5,1337,Cala Millor,"Avinguda Llevant, 4, 07560 Cala Millor, Illes Balears",ChIJL_asWHxAlhIRANzn4tWGgTI,https://www.alltours.de/hotels/allsun-hotel-bahia-del-este-mallorca-pmi133.html,https://maps.google.com/?cid=3639338227085073408&g_mp=Cidnb29nbGUubWFwcy5wbGFjZXMudjEuUGxhY2VzLlNlYXJjaFRleHQQAhgEIAA,,
hotel,Universal Hotel Lido Park & Spa,4.4,1249,Peguera,"Carrer José Guevara, 4, 07160 Peguera, Illes Balears",ChIJ75OK6FcnmBIRZyrbJf7L9cQ,https://www.universalbeachhotels.com/hoteles/universal-hotel-lido-park-spa?utm_source=google&utm_medium=organic&utm_campaign=GMB&utm_content=universalhotellidoparkspa,https://maps.google.com/?cid=14192474093145238119&g_mp=Cidnb29nbGUubWFwcy5wbGFjZXMudjEuUGxhY2VzLlNlYXJjaFRleHQQAhgEIAA,,
hotel,Hotel Estrella & Coral de Mar Resort & Spa,4.4,1212,Port d'Alcúdia,"Carrer de Bearn, 07410 Port d'Alcúdia, Illes Balears",ChIJjcJ_UI4slhIRmwbv9DGuYvU,http://www.alltours.de/hotels/allsun-hotel-estrella-coral-de-mar-resort-spa-mallorca-pmi536.html,https://maps.google.com/?cid=17681886616595924635&g_mp=Cidnb29nbGUubWFwcy5wbGFjZXMudjEuUGxhY2VzLlNlYXJjaFRleHQQAhgEIAA,,
hotel,Cabot Pollensa Park Spa,4.2,1212,Pollença,"Carrer del Bot, 5, 07470 Pollença, Illes Balears",ChIJeTbYh-DUlxIRcjMq2ti6T5o,https://cabot-hotels.com/en/cabot-pollensa-park-spa/hotel/?utm_source=google&utm_medium=organic&utm_campaign=GoogleMyBusiness&partner=5909,https://maps.google.com/?cid=11119311445536945010&g_mp=Cidnb29nbGUubWFwcy5wbGFjZXMudjEuUGxhY2VzLlNlYXJjaFRleHQQAhgEIAA,,
hotel,CM Playa del Moro,4.6,1200,Cala Millor,"Carrer Alosa, 2, 07560 Cala Millor, Illes Balears",ChIJF9_wmH5AlhIRT8jIanzxK7o,https://www.cmhotels.com/cm-playa-moro/?utm_source=google&utm_medium=organic&utm_campaign=my_business&utm_content=playadelmoro,https://maps.google.com/?cid=13415081431722936399&g_mp=Cidnb29nbGUubWFwcy5wbGFjZXMudjEuUGxhY2VzLlNlYXJjaFRleHQQAhgEIAA,,
hotel,Hotel & Apartamentos Vista Park,4.6,1197,Can Picafort,"Avinguda del Romaní, 10, 07458 Can Picafort, Illes Balears",ChIJc2bLSVPMlxIRMMgKjGlqnp8,https://www.hotelvistapark.com/?utm_source=google&utm_medium=organic&utm_campaign=GMB&utm_content=hotel&apartamentosvistapark,https://maps.google.com/?cid=11501747499904452656&g_mp=Cidnb29nbGUubWFwcy5wbGFjZXMudjEuUGxhY2VzLlNlYXJjaFRleHQQAhgEIAA,,
hotel,allsun Hotel Orient Beach,4.3,1183,Cala Millor,"Avinguda les Palmeres, 4, 07560 Sant Llorenç des Cardassar, Illes Balears",ChIJnVh_mfNAlhIRWQXkmNe6K0k,http://www.alltours.de/hotels/allsun-hotel-orient-beach-mallorca-pmi359.html,https://maps.google.com/?cid=5272513223913112921&g_mp=Cidnb29nbGUubWFwcy5wbGFjZXMudjEuUGxhY2VzLlNlYXJjaFRleHQQAhgEIAA,,
hotel,Hipotels Apartamentos Cala Bona,4.1,1176,Cala Bona,"Carretera Cala Bona, 30, 07559 Costa des Pins, Illes Balears",ChIJq8cww48_lhIRzR8lcfguGw4,https://www.hipotels.com/hoteles/apartamentoscalabona/?utm_source=google&utm_medium=organic&utm_campaign=GMB&utm_content=apartamentoscalabona,https://maps.google.com/?cid=1016457785487204301&g_mp=Cidnb29nbGUubWFwcy5wbGFjZXMudjEuUGxhY2VzLlNlYXJjaFRleHQQAhgEIAA,,
hotel,Ona Palmira Paguera,4,1130,Peguera,"Carrer de les Gavines, 24, 07160 Peguera, Illes Balears",ChIJrZ_411UnmBIRKQq94BIchOk,https://www.onahotels.com/es/hotel-palmira-paguera/?source=google&medium=organic&campaign=google-my-business,https://maps.google.com/?cid=16826604975168490025&g_mp=Cidnb29nbGUubWFwcy5wbGFjZXMudjEuUGxhY2VzLlNlYXJjaFRleHQQAhgEIAA,,
hotel,Hotel Moré,4.1,1115,Alcúdia,"Calle de Tirant lo Blanc, 8, 07400 Morè Vermel, Alcudia, Illes Balears",ChIJA5HaGGQrlhIRNMrLC5gfMBA,http://hotelmore.com/,https://maps.google.com/?cid=1166467041382353460&g_mp=Cidnb29nbGUubWFwcy5wbGFjZXMudjEuUGxhY2VzLlNlYXJjaFRleHQQAhgEIAA,,
hotel,Meliá South Beach,4.1,1106,Calvià,"Av. Notari Alemany, 1, 07181 Calvià, Illes Balears",ChIJ9yddH7eJlxIRHAkjfPzmRwg,https://www.melia.com/en/hotels/spain/majorca/melia-south-beach?utm_campaign=google&utm_content=0730&utm_medium=organic&utm_source=directories,https://maps.google.com/?cid=596699447738698012&g_mp=Cidnb29nbGUubWFwcy5wbGFjZXMudjEuUGxhY2VzLlNlYXJjaFRleHQQAhgEIAA,,
hotel,Zafiro Can Picafort,4.4,1092,Can Picafort,"Carrer Camp d'Avall, s/n, 07458 Can Picafort, Illes Balears",ChIJ5f6OgXsylhIREddK_fbJ-8o,https://www.zafirohotels.com/en/zafiro-can-picafort/?utm_source=google&utm_medium=organic&utm_campaign=gmb_CPI,https://maps.google.com/?cid=14626506277464495889&g_mp=Cidnb29nbGUubWFwcy5wbGFjZXMudjEuUGxhY2VzLlNlYXJjaFRleHQQAhgEIAA,,
hotel,Secrets Mallorca Villamil Resort & Spa,4.3,1092,Peguera,"Bulevar de Peguera, 66, 07160 Peguera, Illes Balears",ChIJk4UZelEnmBIRryVjayiLaNs,https://www.hyattinclusivecollection.com/en/resorts-hotels/secrets/spain/mallorca-villamil-resort-spa/?utm_source=google&utm_medium=organic&utm_campaign=GoogleMyBusiness&partner=5152&utm_content=mallorcavillamil&tc_alt=105971,https://maps.google.com/?cid=15810039497600738735&g_mp=Cidnb29nbGUubWFwcy5wbGFjZXMudjEuUGxhY2VzLlNlYXJjaFRleHQQAhgEIAA,,
hotel,O7 Alea,4,1082,S'Arenal,"Carrer Josep Maria Quadrado, 4, 07600 Llucmajor, Illes Balears",ChIJhYDdC0uWlxIRu1YU2QVdEK8,https://www.o7hotels.com/es/o7-alea.html?utm_source=google&utm_medium=organic&utm_campaign=gmb,https://maps.google.com/?cid=12614684835962967739&g_mp=Cidnb29nbGUubWFwcy5wbGFjZXMudjEuUGxhY2VzLlNlYXJjaFRleHQQAhgEIAA,,
hotel,Smy Portocolom,4.2,1072,Portocolom,"Carrer dels Germans Pinzón, 18, 07670 Portocolom, Illes Balears",ChIJX1WaGZxalhIR3YzpgeXjGro,https://www.smyhotels.com/smy-portocolom.html?utm_source=google&utm_medium=organic&utm_campaign=google-my-business&utm_term=google-local&utm_id=smy-vistamar,https://maps.google.com/?cid=13410281415315655901&g_mp=Cidnb29nbGUubWFwcy5wbGFjZXMudjEuUGxhY2VzLlNlYXJjaFRleHQQAhgEIAA,,
hotel,allsun Hotel Paguera Park,4.3,1070,Peguera,"Carrer de Palmira, 17, 07160 Peguera, Illes Balears",ChIJTTd0gk0nmBIRdPeBgEsqMSc,https://www.alltours.de/hotels/allsun-hotel-paguera-park-mallorca-pmi211.html,https://maps.google.com/?cid=2824084945104926580&g_mp=Cidnb29nbGUubWFwcy5wbGFjZXMudjEuUGxhY2VzLlNlYXJjaFRleHQQAhgEIAA,,
hotel,Globales Concord Hotel & Spa,4.4,1054,Can Picafort,"Carrer Isaac Peral, 95, 07458 Can Picafort, Illes Balears",ChIJoRFUahoylhIRccLfCwPpbNw,https://www.globales.com/en/hotels/spain/majorca/can-picafort/globales-concord/?utm_source=google&utm_medium=organic&utm_campaign=GoogleMyBusiness&partner=9846,https://maps.google.com/?cid=15883326185122284145&g_mp=Cidnb29nbGUubWFwcy5wbGFjZXMudjEuUGxhY2VzLlNlYXJjaFRleHQQAhgEIAA,,
hotel,allsun Hotel Lux de Mar,4.3,1027,Cala Ratjada,"Carrer de l'Agulla, 120, 07590 Cala Lliteres, Illes Balears",ChIJfb0F8U8WlhIRLcORLM9pR28,https://www.alltours.de/hotels/allsun-hotel-lux-de-mar-mallorca-pmi494.html,https://maps.google.com/?cid=8018494000083354413&g_mp=Cidnb29nbGUubWFwcy5wbGFjZXMudjEuUGxhY2VzLlNlYXJjaFRleHQQAhgEIAA,,
hotel,BQ Alcúdia Sun Village,4.1,1004,Playa de Muro,"C / Circuito del Lago, 60, 07408 Las Gaviotas, Illes Balears",ChIJP77-pCYtlhIRfhbJEwnHzT8,https://www.bqhoteles.com/es/hoteles/mallorca/bq-alcudia-sun-village/?partner=6218&utm_source=google&utm_medium=gmb&utm_campaign=web_link,https://maps.google.com/?cid=4597549636415723134&g_mp=Cidnb29nbGUubWFwcy5wbGFjZXMudjEuUGxhY2VzLlNlYXJjaFRleHQQAhgEIAA,,
hotel,Globales Don Pedro,4.1,987,Cala Sant Vicenç,"Carrer Cala Clara, 4, 07469 Cala de Sant Vicenç, Illes Balears",ChIJJVwzh5_VlxIR5Lx2TV9R7Gg,https://www.globales.com/en/hotels/spain/majorca/cala-san-vicente/globales-don-pedro/?utm_source=google&utm_medium=organic&utm_campaign=GoogleMyBusiness&partner=9846,https://maps.google.com/?cid=7560507344211590372&g_mp=Cidnb29nbGUubWFwcy5wbGFjZXMudjEuUGxhY2VzLlNlYXJjaFRleHQQAhgEIAA,,
hotel,Grupotel Montecarlo,4.3,986,Can Picafort,"Carrer Jovellanos, 2, 07458 Can Picafort, Illes Balears",ChIJIRsJFXoylhIRBfBCLbKc7B4,https://grupotels.com/en/hotels/mallorca/can-picafort/montecarlo,https://maps.google.com/?cid=2228328204719026181&g_mp=Cidnb29nbGUubWFwcy5wbGFjZXMudjEuUGxhY2VzLlNlYXJjaFRleHQQAhgEIAA,,
hotel,Universal Hotel Perla,4.2,955,S'Illot,"Carrer Murta, s/n, 07687 S'Illot, Illes Balears",ChIJK4STQvxAlhIRI0BGjuHQ6HM,https://www.universalbeachhotels.com/hoteles/universal-hotel-perla?utm_source=google&utm_medium=organic&utm_campaign=GMB&utm_content=universalhotelperla,https://maps.google.com/?cid=8352155176131772451&g_mp=Cidnb29nbGUubWFwcy5wbGFjZXMudjEuUGxhY2VzLlNlYXJjaFRleHQQAhgEIAA,,
hotel,Welikehotel Marfil Playa,4.4,948,Cala Millor,"Carrer Card, 1, 07560 Sa Coma, Illes Balears",ChIJvSkNlPZAlhIR7uL1l0ny-cc,https://www.welikehotel.com/hoteles/welikehotel-marfil-playa?utm_source=google&utm_medium=organic&utm_campaign=GMB&utm_content=WelikeHotelMarfilPlaya,https://maps.google.com/?cid=14409814880644621038&g_mp=Cidnb29nbGUubWFwcy5wbGFjZXMudjEuUGxhY2VzLlNlYXJjaFRleHQQAhgEIAA,,
hotel,Hipotels Said,4.5,936,Cala Millor,"Av. del Bon Temps, 23, 07560 Cala Millor, Illes Balears",ChIJsQaNcX9AlhIRqKmItMYRHL0,https://www.hipotels.com/hoteles/said/?utm_source=google&utm_medium=organic&utm_campaign=GMB&utm_content=said,https://maps.google.com/?cid=13626786117646330280&g_mp=Cidnb29nbGUubWFwcy5wbGFjZXMudjEuUGxhY2VzLlNlYXJjaFRleHQQAhgEIAA,,
hotel,Aparthotel & Hotel Isla de Cabrera,4.4,931,Colonia de Sant Jordi,"C, Av. Marquès del Palmer, 07638 Colònia de Sant Jordi, Illes Balears",ChIJZa4K-p6plxIRd_lutfci4h4,http://www.hotelislacabrera.com/,https://maps.google.com/?cid=2225379613170661751&g_mp=Cidnb29nbGUubWFwcy5wbGFjZXMudjEuUGxhY2VzLlNlYXJjaFRleHQQAhgEIAA,,
hotel,Hotel Capricho & SPA,4.6,925,Cala Ratjada,"Carrer de Sa Serreta, 5, 07590 Cala Rajada, Illes Balears",ChIJQZpH3vkWlhIR6HszWPhDbU0,https://www.caprichohotel.com/?partner=7627utm_source=google&utm_medium=organic&utm_campaign=MyBusiness&utm,https://maps.google.com/?cid=5579190247292632040&g_mp=Cidnb29nbGUubWFwcy5wbGFjZXMudjEuUGxhY2VzLlNlYXJjaFRleHQQAhgEIAA,,
hotel,HSM Lago Park,4.2,907,Playa de Muro,"Carrer Iola, s/n, 07458 Platja de Muro, Illes Balears",ChIJwYZtJyEtlhIRtyth_bictuI,https://www.saintmichel.net/es/hsm-lago-park/?utm_source=google&utm_medium=organic&utm_campaign=GMB&utm_content=lagopark,https://maps.google.com/?cid=16336417016671972279&g_mp=Cidnb29nbGUubWFwcy5wbGFjZXMudjEuUGxhY2VzLlNlYXJjaFRleHQQAhgEIAA,,
hotel,Hotel Cala Bona,4.5,906,Cala Bona,"Passeig Magdalena Rigo Lliteras, 7, 07559 Cala Bona, Illes Balears",ChIJfxH7N5A_lhIRdBJAwSLdm_0,http://www.calabonahotel.com/,https://maps.google.com/?cid=18274443054326747764&g_mp=Cidnb29nbGUubWFwcy5wbGFjZXMudjEuUGxhY2VzLlNlYXJjaFRleHQQAhgEIAA,,
hotel,Grupotel Parc Natural & Spa,4.9,861,Alcúdia,"Ctra. Artà-Alcúdia, s/n, 07458 Playas de Muro, Illes Balears",ChIJgTnouRUtlhIRs4ioe5gltoI,https://grupotel.com/de/hotels/mallorca/playa-de-muro/parc-natural-spa,https://maps.google.com/?cid=9418757007531870387&g_mp=Cidnb29nbGUubWFwcy5wbGFjZXMudjEuUGxhY2VzLlNlYXJjaFRleHQQAhgEIAA,,
hotel,Hotel Girasol,4.4,848,Cala Millor,"Carrer Dofí, 8, 07560 Cala Millor, Illes Balears",ChIJ18w3un5AlhIRIwmzJ0AXjBM,https://www.hotelgirasol.com/?utm_source=google&utm_medium=organic&utm_campaign=GMB&utm_content=HotelGirasol,https://maps.google.com/?cid=1408526347771513123&g_mp=Cidnb29nbGUubWFwcy5wbGFjZXMudjEuUGxhY2VzLlNlYXJjaFRleHQQAhgEIAA,,
hotel,BQ Cala Ratjada Hotel,4,831,Cala Ratjada,"Carrer Floreal, 30, 07590 Cala Rajada, Illes Balears",ChIJQ4NZklkWlhIRzsoXDBXrls4,http://www.bqhoteles.com/,https://maps.google.com/?cid=14886344093949479630&g_mp=Cidnb29nbGUubWFwcy5wbGFjZXMudjEuUGxhY2VzLlNlYXJjaFRleHQQAhgEIAA,,
hotel,Four Seasons Resort Mallorca at Formentor,4.4,824,Port de Pollença,"Carrer de Formentor, s/n, 07470 Mallorca, Illes Balears",ChIJcZM4NHnVlxIRjO1OuMVXPZE,https://www.fourseasons.com/mallorca/?utm_source=google&utm_medium=organicsearch&utm_campaign=tor-mao-hre-mid-seo-na&utm_content=na-na&utm_term=na,https://maps.google.com/?cid=10465617615791254924&g_mp=Cidnb29nbGUubWFwcy5wbGFjZXMudjEuUGxhY2VzLlNlYXJjaFRleHQQAhgEIAA,,
hotel,Hotel Gran Fornells Thalasso & Spa,4.1,806,Peguera,"Carretera de Cala Fornells, 80, 07160 Peguera, Illes Balears",ChIJh_s6hDcnmBIR8jaE6lJop0I,http://www.granfornells.com/es/,https://maps.google.com/?cid=4802922232945063666&g_mp=Cidnb29nbGUubWFwcy5wbGFjZXMudjEuUGxhY2VzLlNlYXJjaFRleHQQAhgEIAA,,
hotel,FERGUS Style Soller Beach,4.5,803,Port de Sóller,"Carrer de la Marina, 4, 07108 Port de Sóller, Illes Balears",ChIJpQfGxdMHnhIRjdQ700RenDM,https://www.fergushotels.com/en/fergus-style-soller-beach?utm_source=google&utm_medium=organic&utm_campaign=GoogleMyBusiness&utm_content=SOL,https://maps.google.com/?cid=3718951041995887757&g_mp=Cidnb29nbGUubWFwcy5wbGFjZXMudjEuUGxhY2VzLlNlYXJjaFRleHQQAhgEIAA,,
hotel,Sunprime pollensa bay,4.4,799,Alcúdia,"Carrer Maria Antònia Salvà, 2, 07400 Alcúdia, Illes Balears",ChIJeV9JGmQrlhIRC7C0X82fXr4,https://www.ving.se/spanien/mallorca/alcudia/sunprime-pollensa-bay,https://maps.google.com/?cid=13717577219439898635&g_mp=Cidnb29nbGUubWFwcy5wbGFjZXMudjEuUGxhY2VzLlNlYXJjaFRleHQQAhgEIAA,,
hotel,Mar Hotels Playa de Muro Suites,4.5,797,Playa de Muro,"Carrer Falcó, 07458 Playa de Muro, Mallorca, Illes Balears",ChIJPRRv0L8slhIRbgrMKc2bVa8,https://www.marhotels.com/en/hotels/mallorca/playa-de-muro/mar-hotels-playa-de-muro-suites?utm_source=google&utm_medium=organic&utm_campaign=GMB&utm_content=PMS,https://maps.google.com/?cid=12634175635129633390&g_mp=Cidnb29nbGUubWFwcy5wbGFjZXMudjEuUGxhY2VzLlNlYXJjaFRleHQQAhgEIAA,,
hotel,Portodrach Aparthotel & Suites,4.5,789,Porto Cristo,"25, Passeig Cap d'es Toll, 07680 Porto Cristo, Illes Balears",ChIJ85Kt0LZGlhIR2aZMGR5kNpo,http://www.portodrach.com/,https://maps.google.com/?cid=11112179211019527897&g_mp=Cidnb29nbGUubWFwcy5wbGFjZXMudjEuUGxhY2VzLlNlYXJjaFRleHQQAhgEIAA,,
hotel,Aparthotel Ses Fotges,4,770,Playa de Muro,"Av. de s'Albufera, 14, 07458 Platja de Muro, Illes Balears",ChIJEwRFkiEtlhIR4qcZLVOmnls,https://www.sesfotges.com/es/?partner=8760utm_source=google&utm_medium=organic&utm_campaign=MyBusiness&utm,https://maps.google.com/?cid=6601896979940878306&g_mp=Cidnb29nbGUubWFwcy5wbGFjZXMudjEuUGxhY2VzLlNlYXJjaFRleHQQAhgEIAA,,
hotel,Cas Comte Suites & Spa,4.5,731,Lloseta,"Comte d'Aiamans 11, Plaça Espanya, 07360 Lloseta, Illes Balears",ChIJYUzXWA3ElxIRqoXzopuQtlA,https://www.cascomte.com/,https://maps.google.com/?cid=5815994966923773354&g_mp=Cidnb29nbGUubWFwcy5wbGFjZXMudjEuUGxhY2VzLlNlYXJjaFRleHQQAhgEIAA,,
hotel,Bordoy Continental Palma,4.4,715,Palma,"Carrer de la Indústria, 10, Ponent, 07013 Palma, Illes Balears",ChIJGY4ZlF2SlxIRTRaFC1xi7wc,https://www.bordoyhotels.com/es/hotel-continental-palma/hotel?utm_source=google&utm_medium=organic&utm_campaign=GMB&utm_content=Bordoy_Continental_Palma,https://maps.google.com/?cid=571783825169126989&g_mp=Cidnb29nbGUubWFwcy5wbGFjZXMudjEuUGxhY2VzLlNlYXJjaFRleHQQAhgEIAA,,
hotel,Hotel Morito,4.4,714,Cala Millor,"Carrer Bonança, 20, 07560 Cala Millor, Illes Balears",ChIJxwdHFnxAlhIRpJ038C-nOAI,http://www.hotelmorito.es/,https://maps.google.com/?cid=160061611107130788&g_mp=Cidnb29nbGUubWFwcy5wbGFjZXMudjEuUGxhY2VzLlNlYXJjaFRleHQQAhgEIAA,,
hotel,Talayot Hotel by Senator,4.2,712,Cala Millor,"Carrer de son Sard, 2, 07560 Cala Millor, Illes Balears",ChIJAQn8UoY_lhIRVIjrkQPzh9M,https://www.senatorhr.com/talayot-hotel/,https://maps.google.com/?cid=15242418660517316692&g_mp=Cidnb29nbGUubWFwcy5wbGFjZXMudjEuUGxhY2VzLlNlYXJjaFRleHQQAhgEIAA,,
hotel,Levante Hotel,4.4,708,Cala Bona,"Passeig Maritim de Cala Bona, 23, 07559 Son Servera, Illes Balears",ChIJG1u6wo8_lhIRUvaW9tf3E9Y,https://www.levahotels.com/en/levahotel-levante-park/,https://maps.google.com/?cid=15425945655601198674&g_mp=Cidnb29nbGUubWFwcy5wbGFjZXMudjEuUGxhY2VzLlNlYXJjaFRleHQQAhgEIAA,,
hotel,Hotel Feliz,4.5,701,Palma,"Avinguda de Joan Miró, 74, Ponent, 07015 Palma, Illes Balears",ChIJF_gZT3OSlxIRHTUxCBALA_I,https://www.hotelfeliz.com/,https://maps.google.com/?cid=17438794345593517341&g_mp=Cidnb29nbGUubWFwcy5wbGFjZXMudjEuUGxhY2VzLlNlYXJjaFRleHQQAhgEIAA,,
hotel,Hotel Kyrat Amàrac,4.5,697,Cala Millor,"Carrer de la Vinya del Mar, 1, 07560 Son Servera, Illes Balears",ChIJ80ka6hOTlxIRQVC4BFaNPpQ,https://www.kyrathotels.com/kyrat-amarac.html?utm_medium=organic&utm_source=google&utm_campaign=google-my-business&utm_term=google-local&utm_id=kyrat-amarac,https://maps.google.com/?cid=10682130766755287105&g_mp=Cidnb29nbGUubWFwcy5wbGFjZXMudjEuUGxhY2VzLlNlYXJjaFRleHQQAhgEIAA,,
hotel,Hotel Biniamar,4.2,680,Cala Millor,"Carrer Alosa, 11, 07560 Sant Llorenç des Cardassar, Illes Balears",ChIJk-hDBHxAlhIRQ3LQ-XXODcU,http://www.hotelbiniamar.com/?utm_source=google&utm_medium=organic&utm_campaign=GMB&utm_content=HotelBiniamar,https://maps.google.com/?cid=14199232206266724931&g_mp=Cidnb29nbGUubWFwcy5wbGFjZXMudjEuUGxhY2VzLlNlYXJjaFRleHQQAhgEIAA,,
hotel,Grupotel Natura Playa,4.6,671,Can Picafort,"Av. Platges de Muro, 5, 07458 Muro, Illes Balears",ChIJ2Z1YRRQtlhIRL5Rj6Ra6Ghw,http://www.grupotel.com/,https://maps.google.com/?cid=2025135590024123439&g_mp=Cidnb29nbGUubWFwcy5wbGFjZXMudjEuUGxhY2VzLlNlYXJjaFRleHQQAhgEIAA,,
hotel,H10 Blue Mar Boutique Hotel,4.5,658,Andratx,"Camí Salinar, 8, 07160 Andratx, Illes Balears",ChIJNZHdRiknmBIRMS7Xw5OKJLo,https://www.h10hotels.com/en/mallorca-hotels/h10-blue-mar?utm_source=google_my_business&utm_medium=boton_sitio_web&utm_campaign=hbm,https://maps.google.com/?cid=13412997957466664497&g_mp=Cidnb29nbGUubWFwcy5wbGFjZXMudjEuUGxhY2VzLlNlYXJjaFRleHQQAhgEIAA,,
hotel,Hotel JS Sol de Alcúdia,4.4,657,Port d'Alcúdia,"Avinguda de Venècia, 3, 07408 Port d'Alcúdia, Illes Balears",ChIJVViJxWQtlhIR-sI8_B60zUU,https://www.jshotels.com/js-sol-de-alcudia?utm_source=google&utm_medium=organic&utm_campaign=my_business,https://maps.google.com/?cid=5029874404016571130&g_mp=Cidnb29nbGUubWFwcy5wbGFjZXMudjEuUGxhY2VzLlNlYXJjaFRleHQQAhgEIAA,,
hotel,Grupotel Playa Camp de Mar,4.4,657,Camp de Mar,"Mallorca Avda. Gabriel Covas Alemany 1, 07160 Camp de Mar, Illes Balears",ChIJmxcdkyknmBIR49Xrtzpf_JQ,https://grupotel.com/es/hotels/mallorca/camp-de-mar/playa-camp-de-mar?hotel_id=22&isOnlyAdults=1,https://maps.google.com/?cid=10735560317542847971&g_mp=Cidnb29nbGUubWFwcy5wbGFjZXMudjEuUGxhY2VzLlNlYXJjaFRleHQQAhgEIAA,,
hotel,Bellevue Belsana,4,629,Portocolom,"Carrer d'en Churruca, 7, 07670 Portocolom, Illes Balears",ChIJjbcZS5xalhIRFuoCA1dJSXs,https://www.o7hotels.com/es/bellevue-belsana.html?utm_source=google&utm_medium=organic&utm_campaign=gmb&utm_content=BelleVueBelsana,https://maps.google.com/?cid=8883712378026519062&g_mp=Cidnb29nbGUubWFwcy5wbGFjZXMudjEuUGxhY2VzLlNlYXJjaFRleHQQAhgEIAA,,
hotel,"Welikehotel Fénix (Arenal, Mallorca)",4.1,600,S'Arenal,"Carrer Marquès de la Romana, 1, 07600 S'Arenal, Illes Balears",ChIJs82k3ayXlxIRLPaj9LGeWDc,https://www.welikehotel.com/hoteles/welikehotel-fenix?utm_source=google&utm_medium=organic&utm_campaign=GMB&utm_content=WelikehotelFenix,https://maps.google.com/?cid=3988111957187360300&g_mp=Cidnb29nbGUubWFwcy5wbGFjZXMudjEuUGxhY2VzLlNlYXJjaFRleHQQAhgEIAA,,
hotel,Protur Turó Pins Hotel,4.6,599,Cala Ratjada,"Carrer des Clot Gran, S/N, 07590 Cala Rajada, Illes Balears",ChIJeTqiOPkWlhIRILeh5DaFMXU,http://protur-hotels.com/hoteles-en-mallorca/protur-turo-pins-hotel-spa,https://maps.google.com/?cid=8444677247106922272&g_mp=Cidnb29nbGUubWFwcy5wbGFjZXMudjEuUGxhY2VzLlNlYXJjaFRleHQQAhgEIAA,,
hotel,Hotel Rosella by Intelier,4.1,598,Cala Millor,"Carrer Tamarell, s/n, 07560 Sa Coma, Illes Balears",ChIJxz2l0mFAlhIRH2DgP9Nkkc0,https://www.intelier.com/hotel-rosella-mallorca/,https://maps.google.com/?cid=14812731507870818335&g_mp=Cidnb29nbGUubWFwcy5wbGFjZXMudjEuUGxhY2VzLlNlYXJjaFRleHQQAhgEIAA,,
hotel,Grupotel Picafort Beach,4.3,597,Can Picafort,"Passeig Colón, 130, 07458 Can Picafort, Illes Balears",ChIJFeeOYHcylhIRxBTPQ6Hu7jc,http://www.grupotel.com/,https://maps.google.com/?cid=4030421092937962692&g_mp=Cidnb29nbGUubWFwcy5wbGFjZXMudjEuUGxhY2VzLlNlYXJjaFRleHQQAhgEIAA,,
hotel,Gran Hotel Sóller,4.5,582,Sóller,"Carrer de sa Romaguera, 18, 07100 Sóller, Illes Balears",ChIJ0dYS2r7olxIRvpijH31-GiU,http://www.granhotelsoller.com/,https://maps.google.com/?cid=2673588404664637630&g_mp=Cidnb29nbGUubWFwcy5wbGFjZXMudjEuUGxhY2VzLlNlYXJjaFRleHQQAhgEIAA,,
hotel,Globales Cala Bona,4.4,574,Cala Bona,"Carrer del Lliri, s/n, 07559 Cala Bona, Illes Balears",ChIJy7NzcYU_lhIRCeab37TgpTg,https://www.globales.com/en/hotels/spain/majorca/cala-bona/globales-cala-bona/?utm_source=google&utm_medium=organic&utm_campaign=GoogleMyBusiness&partner=9846,https://maps.google.com/?cid=4081915704731493897&g_mp=Cidnb29nbGUubWFwcy5wbGFjZXMudjEuUGxhY2VzLlNlYXJjaFRleHQQAhgEIAA,,
hotel,Ars Magna Bleisure Hotel ****,4.6,571,Palma,"C. de Blanquerna, 12, Nord, 07003 Palma, Illes Balears",ChIJW9-X4f-TlxIR5iGuPsonm34,http://www.arsmagnahotel.com/,https://maps.google.com/?cid=9122929219757548006&g_mp=Cidnb29nbGUubWFwcy5wbGFjZXMudjEuUGxhY2VzLlNlYXJjaFRleHQQAhgEIAA,,
hotel,HOTEL CALA MURADA,4.2,567,Cala Murada,"Via Europa, 27, 07688 Cala Murada, Illes Balears",ChIJZ-Vzp0ZFlhIRnEO_n5PKiuE,http://www.hotelcalamurada.com/,https://maps.google.com/?cid=16252024940708971420&g_mp=Cidnb29nbGUubWFwcy5wbGFjZXMudjEuUGxhY2VzLlNlYXJjaFRleHQQAhgEIAA,,
hotel,Monsuau Cala D'Or Hotel - Adults Only,4.4,566,Cala d'Or,"Av. Cala d'Or, 2, 07669 Felanitx, Illes Balears",ChIJ_Y_5GFJRlhIRieX7BLIpZuk,https://www.monsuau.com/?partner=6933,https://maps.google.com/?cid=16818175703026230665&g_mp=Cidnb29nbGUubWFwcy5wbGFjZXMudjEuUGxhY2VzLlNlYXJjaFRleHQQAhgEIAA,,
hotel,Cupido Boutique Hotel,4.3,564,Peguera,"Carrer Eucaliptus, 5, 07160 Peguera, Illes Balears",ChIJ9R39ek4nmBIRdVEy_GDf6hc,https://www.cupidoboutiquehotel.com/?td=g00zp00&referer_code=WGY,https://maps.google.com/?cid=1723435415063646581&g_mp=Cidnb29nbGUubWFwcy5wbGFjZXMudjEuUGxhY2VzLlNlYXJjaFRleHQQAhgEIAA,,
hotel,Hostal Nadal Sóller,4.3,559,Sóller,"Carrer de sa Romaguera, 29, 07100 Sóller, Illes Balears",ChIJa2Zdwb7olxIRYB1-Tp4H96c,https://hostalnadalsoller.com/,https://maps.google.com/?cid=12103150900084612448&g_mp=Cidnb29nbGUubWFwcy5wbGFjZXMudjEuUGxhY2VzLlNlYXJjaFRleHQQAhgEIAA,,
hotel,Paguera Treff Boutique Hotel,4.5,557,Peguera,"Bulevar de Peguera, 31, 07160 Peguera, Illes Balears",ChIJD__YBISOlxIRdR7nvVQh9jA,https://www.pagueratreff-boutiquehotel.com/en/?partner=8342utm_source=google&utm_medium=organic&utm_campaign=MyBusiness&utm,https://maps.google.com/?cid=3528044005938372213&g_mp=Cidnb29nbGUubWFwcy5wbGFjZXMudjEuUGxhY2VzLlNlYXJjaFRleHQQAhgEIAA,,
hotel,Hotel La Concha Soul,4.4,551,Peguera,"Carrer Romana, 3, 07160 Peguera, Illes Balears",ChIJs9QSqVYnmBIRGuAv3jTYT34,https://www.laconchasoul.com/es/?utm_source=google&utm_medium=organic&utm_campaign=google-my-business,https://maps.google.com/?cid=9101731093516640282&g_mp=Cidnb29nbGUubWFwcy5wbGFjZXMudjEuUGxhY2VzLlNlYXJjaFRleHQQAhgEIAA,,
hotel,Cabot Cap de Mar Spa,4.3,549,Cala Bona,"Polígon, Passeig Maritim de Cala Bona, 5, 07559 Son Servera, Illes Balears",ChIJq8cww48_lhIRlN9zQHAXT8k,https://cabot-hotels.com/es/cabot-cap-de-mar-spa/hotel/?utm_source=google&utm_medium=organic&utm_campaign=GoogleMyBusiness&partner=5909,https://maps.google.com/?cid=14505838695668768660&g_mp=Cidnb29nbGUubWFwcy5wbGFjZXMudjEuUGxhY2VzLlNlYXJjaFRleHQQAhgEIAA,,
hotel,Bordoy Alcudia Port Suites (Only Adults +16),4.6,548,Port d'Alcúdia,"Mallorca, Carrer del Coral, 4, 07410 Port d'Alcúdia, Illes Balears",ChIJHXThkY4slhIRFkq5xsMSbc0,https://www.bordoyhotels.com/de/alcudia-port-suites/hotel?utm_source=google&utm_medium=organic&utm_campaign=GMB&utm_content=Bordoy_Alcudia_Port,https://maps.google.com/?cid=14802508182298642966&g_mp=Cidnb29nbGUubWFwcy5wbGFjZXMudjEuUGxhY2VzLlNlYXJjaFRleHQQAhgEIAA,,
hotel,Hipotels Hipocampo,4.5,543,Cala Millor,"C/ Bonanza, 4, 07560 Cala Millor, Illes Balears",ChIJxwdHFnxAlhIRZW-ZMyzE0jQ,https://www.hipotels.com/hoteles/hipocampo/?utm_source=google&utm_medium=organic&utm_campaign=GMB&utm_content=hipocampo,https://maps.google.com/?cid=3806320329204789093&g_mp=Cidnb29nbGUubWFwcy5wbGFjZXMudjEuUGxhY2VzLlNlYXJjaFRleHQQAhgEIAA,,
hotel,Universal Hotel Bikini,4.3,542,Cala Millor,"Carrer Caravel·les, 07560 Cala Millor, Illes Balears",ChIJ_8FiYnw_lhIR0KzClMVneaA,https://www.universalbeachhotels.com/hoteles/universal-hotel-bikini?utm_source=google&utm_medium=organic&utm_campaign=GMB&utm_content=universalhotelbikini,https://maps.google.com/?cid=11563387616552463568&g_mp=Cidnb29nbGUubWFwcy5wbGFjZXMudjEuUGxhY2VzLlNlYXJjaFRleHQQAhgEIAA,,
hotel,Tacande Portals,4.1,537,Bendinat,"Carrer d'en Caldentei, 15, 07181 Bendinat, Illes Balears",ChIJQ-FRsYCOlxIR3bQoLIUKx-Q,https://www.dreamplacehotels.com/en/hotel-tacande-portals/?utm_source=google&utm_medium=organic&utm_campaign=gmb&utm_content=por,https://maps.google.com/?cid=16485156528100783325&g_mp=Cidnb29nbGUubWFwcy5wbGFjZXMudjEuUGxhY2VzLlNlYXJjaFRleHQQAhgEIAA,,
hotel,Hotel Bahia,4.4,531,Peguera,"Bulevar de Peguera, 81, 07160 Peguera, Illes Balears",ChIJnWfNWVYnmBIRoxDBTjWw7Cw,http://www.hotelbahia.com/,https://maps.google.com/?cid=3237155975173574819&g_mp=Cidnb29nbGUubWFwcy5wbGFjZXMudjEuUGxhY2VzLlNlYXJjaFRleHQQAhgEIAA,,
hotel,Hotel Stil Picafort Park,4.5,523,Can Picafort,"Av. Son Bauló, 2, 07458 Can Picafort, Illes Balears",ChIJ60p_QBEylhIRDrVzKxQKXYg,https://www.stilhotels.com/hoteles/mallorca/stil-picafort-park?utm_source=google&utm_medium=organic&utm_campaign=GMB&utm_content=StilPicafortPark,https://maps.google.com/?cid=9826021043736917262&g_mp=Cidnb29nbGUubWFwcy5wbGFjZXMudjEuUGxhY2VzLlNlYXJjaFRleHQQAhgEIAA,,
hotel,Bahía Suites Camp de Mar,4.6,520,Camp de Mar,"Calle, Via Francisca Capllonch Plomer, 11, 07160 Camp de Mar, Illes Balears",ChIJ7XoUK9QmmBIRJt_2yILEzKs,https://cabauhotels.com/bahia-suites-camp-de-mar/,https://maps.google.com/?cid=12379485541731065638&g_mp=Cidnb29nbGUubWFwcy5wbGFjZXMudjEuUGxhY2VzLlNlYXJjaFRleHQQAhgEIAA,,
hotel,Hostal Restaurante Playa,4.2,505,Colonia de Sant Jordi,"Carrer Major, 25, 07638 Colònia de Sant Jordi, Illes Balears",ChIJecrHEKOplxIRW-qRlhkb-H4,http://www.restauranteplaya.com/,https://maps.google.com/?cid=9149092439717440091&g_mp=Cidnb29nbGUubWFwcy5wbGFjZXMudjEuUGxhY2VzLlNlYXJjaFRleHQQAhgEIAA,,
hotel,Hotel JS PortoColom Suites,4.2,504,Portocolom,"Carrer de l'Orada, 07670 Portocolom, Illes Balears",ChIJHWG-e3RRlhIRPEmq4SkLQF8,https://www.jshotels.com/es/js-portocolom-suites/?utm_source=google&utm_medium=organic&utm_campaign=my_business,https://maps.google.com/?cid=6863498106620234044&g_mp=Cidnb29nbGUubWFwcy5wbGFjZXMudjEuUGxhY2VzLlNlYXJjaFRleHQQAhgEIAA,,
hotel,Hotel ROC Oberoy Adults Only,4.2,498,Peguera,"Carrer dels Ametllers, 5, 07160 Peguera, Illes Balears",ChIJlboeFFYnmBIRCiXawyTXbhc,https://www.roc-hotels.com/hoteles/paguera/hotel-roc-oberoy-adults-only-16?utm_source=google&utm_medium=organic&utm_campaign=GMB&utm_content=HotelRocOberoy,https://maps.google.com/?cid=1688523463215162634&g_mp=Cidnb29nbGUubWFwcy5wbGFjZXMudjEuUGxhY2VzLlNlYXJjaFRleHQQAhgEIAA,,
hotel,"APARTHOTEL DUNES PLATJA, S.L.",4.5,490,Can Picafort,"Passeig Colón, 138, 07458 Can Picafort, Illes Balears",ChIJS6reenEylhIRDI0pm9Jddtk,http://www.dunesplatja.com/,https://maps.google.com/?cid=15669815112609926412&g_mp=Cidnb29nbGUubWFwcy5wbGFjZXMudjEuUGxhY2VzLlNlYXJjaFRleHQQAhgEIAA,,
hotel,Hotel Playas Paguera,4.2,482,Peguera,"Bulevar de Peguera, 70, 07160 Peguera, Illes Balears",ChIJLUt6b04nmBIRrjSQRvOR_00,https://www.hotelplayaspaguera.com/?utm_source=google&utm_medium=mybusiness&utm_campaign=boton,https://maps.google.com/?cid=5620371334028604590&g_mp=Cidnb29nbGUubWFwcy5wbGFjZXMudjEuUGxhY2VzLlNlYXJjaFRleHQQAhgEIAA,,
hotel,Hotel Hoposa Uyal,4.4,480,Port de Pollença,"Passeig de Londres, 68- 70, 07470 Port de Pollença, Illes Balears",ChIJSwH9t9_UlxIR7dtcVhR7BY4,https://www.hoposa.es/hotels/uyal?utm_source=google&utm_medium=mybusiness&utm_campaign=boton,https://maps.google.com/?cid=10233721055547808749&g_mp=Cidnb29nbGUubWFwcy5wbGFjZXMudjEuUGxhY2VzLlNlYXJjaFRleHQQAhgEIAA,,
hotel,Pure Salt Port de Sóller,4.2,476,Port de Sóller,"Camí del Far, 5, 07108 Port de Sóller, Illes Balears",ChIJswgDZ_nllxIRRsaqJ6bcD6c,https://www.puresaltluxuryhotels.com/port-soller/?utm_source=google&utm_medium=organic&utm_campaign=my_business&utm_content=puresaltportdesoller,https://maps.google.com/?cid=12038082935172810310&g_mp=Cidnb29nbGUubWFwcy5wbGFjZXMudjEuUGxhY2VzLlNlYXJjaFRleHQQAhgEIAA,,
hotel,Hotel Ilusion Moreyo,4,475,Cala Bona,"Passeig Maritim de Cala Bona, 8, 07559 Son Servera, Illes Balears",ChIJKZp_vo8_lhIRCsbejwVdqhQ,http://www.ilusionhotels.com/,https://maps.google.com/?cid=1489104905269331466&g_mp=Cidnb29nbGUubWFwcy5wbGFjZXMudjEuUGxhY2VzLlNlYXJjaFRleHQQAhgEIAA,,
hotel,Hotel Es Molí,4.6,471,Valldemossa,"Carretera, s/n, 07179 Valldemossa, Illes Balears",ChIJMRKBt7LvlxIRglM6g0db8Ww,http://www.esmoli.com/,https://maps.google.com/?cid=7850155988185928578&g_mp=Cidnb29nbGUubWFwcy5wbGFjZXMudjEuUGxhY2VzLlNlYXJjaFRleHQQAhgEIAA,,
hotel,THB Bamboo Alcudia,4.6,466,Port d'Alcúdia,"Av. Pere Mas i Reus, 3A, 07400 Port d'Alcúdia, Illes Balears",ChIJSei3YWUtlhIRIfyoDiVbNyY,https://www.thbhotels.com/hotel-bamboo-alcudia-puerto-de-alcudia/?utm_source=google&utm_medium=organic&utm_campaign=my_business&utm_content=site_web,https://maps.google.com/?cid=2753769911878220833&g_mp=Cidnb29nbGUubWFwcy5wbGFjZXMudjEuUGxhY2VzLlNlYXJjaFRleHQQAhgEIAA,,
hotel,Aimia Hotel Port de Sóller,4.7,457,Port de Sóller,"Carrer Santa Maria del Cami, 1, 07108 Port de Sóller, Illes Balears",ChIJJZ14suLllxIRTEg4k2hb-fI,http://www.aimiahotel.com/,https://maps.google.com/?cid=17508125531084179532&g_mp=Cidnb29nbGUubWFwcy5wbGFjZXMudjEuUGxhY2VzLlNlYXJjaFRleHQQAhgEIAA,,
hotel,Hotel JS Can Picafort,4,443,Can Picafort,"Via Alemanya, 2, 07458 Can Picafort, Illes Balears",ChIJlRz8wEszlhIRNXBJnpcapJI,https://www.jshotels.com/js-can-picafort/?utm_source=google&utm_medium=organic&utm_campaign=my_business,https://maps.google.com/?cid=10566599864216023093&g_mp=Cidnb29nbGUubWFwcy5wbGFjZXMudjEuUGxhY2VzLlNlYXJjaFRleHQQAhgEIAA,,
hotel,Eolo Affiliated by FERGUS,4.1,437,Port de Pollença,"Plaza del Ingeniero Gabriel Roca, 2, 07470 Port de Pollença, Illes Balears",ChIJawACeCTVlxIRF86SGGAFAjc,https://www.fergushotels.com/en/eolo-affiliated-by-fergus?utm_source=google&utm_medium=organic&utm_campaign=GoogleMyBusiness&utm_content=EOL,https://maps.google.com/?cid=3963736532326731287&g_mp=Cidnb29nbGUubWFwcy5wbGFjZXMudjEuUGxhY2VzLlNlYXJjaFRleHQQAhgEIAA,,
hotel,Kimpton Aysla Mallorca,4.7,432,Santa Ponça,"Avinguda del Golf, 37, 07180 Santa Ponça, Illes Balears",ChIJbxHJ0gmJlxIRlBhbBwUfx48,https://www.kimptonayslamallorca.com/?source=google&medium=organic&campaign=google-my-business,https://maps.google.com/?cid=10360283574247823508&g_mp=Cidnb29nbGUubWFwcy5wbGFjZXMudjEuUGxhY2VzLlNlYXJjaFRleHQQAhgEIAA,,
hotel,Hotel Santanyi Port,4.2,429,Cala Figuera,"Calle Pintor, Carrer Bernareggi, 17, 07659 Cala Figuera, Illes Balears",ChIJI3OofzBUlhIRNNu5wddgQCU,https://www.cancalcohotels.com/hotel-santanyi-port/,https://maps.google.com/?cid=2684251857697233716&g_mp=Cidnb29nbGUubWFwcy5wbGFjZXMudjEuUGxhY2VzLlNlYXJjaFRleHQQAhgEIAA,,
hotel,BQ Sarah Hotel - SOLO ADULTOS,4.2,425,Can Picafort,"Av. Diagonal, 6, 07458 Can Picafort, Illes Balears",ChIJH-_4IhEylhIRyUsVPqh4HF4,https://www.bqhoteles.com/es/hoteles/mallorca/bq-sarah/?partner=6218&utm_source=google&utm_medium=gmb&utm_campaign=web_link,https://maps.google.com/?cid=6781427802904546249&g_mp=Cidnb29nbGUubWFwcy5wbGFjZXMudjEuUGxhY2VzLlNlYXJjaFRleHQQAhgEIAA,,
hotel,Valldemossa Hotel,4.6,421,Valldemossa,"Carretera Vieja de Valldemossa, s/n, 07170 Valldemossa, Illes Balears",ChIJ4eZJvgPulxIRwbG8ws1L_34,https://www.valldemossahotel.com/,https://maps.google.com/?cid=9151116314947662273&g_mp=Cidnb29nbGUubWFwcy5wbGFjZXMudjEuUGxhY2VzLlNlYXJjaFRleHQQAhgEIAA,,
hotel,BQ Paguera Boutique Hotel - ONLY ADULTS,4.6,413,Peguera,"Carrer de Palmira, 29, 07160 Peguera, Illes Balears",ChIJR1ypj00nmBIRGLATrWc63NQ,https://www.bqhoteles.com/es/hoteles/mallorca/bq-paguera-boutique/?partner=6218&utm_source=google&utm_medium=gmb&utm_campaign=web_link,https://maps.google.com/?cid=15338198647876857880&g_mp=Cidnb29nbGUubWFwcy5wbGFjZXMudjEuUGxhY2VzLlNlYXJjaFRleHQQAhgEIAA,,
hotel,Hotel Capri,4.2,413,Port de Pollença,"Passeig d'Anglada Camarasa, 69, 07470 Port de Pollença, Illes Balears",ChIJUcrgwiTVlxIRSmgZIiND6Xo,https://www.hotelcapripollensa.com/?partner=8662utm_source=google&utm_medium=organic&utm_campaign=MyBusiness&utm,https://maps.google.com/?cid=8856683960375797834&g_mp=Cidnb29nbGUubWFwcy5wbGFjZXMudjEuUGxhY2VzLlNlYXJjaFRleHQQAhgEIAA,,
hotel,Hotel Hoposa Pollentia,4.6,409,Port de Pollença,"Passeig de Londres, 62, 07470 Port de Pollença, Illes Balears",ChIJv45tuN_UlxIRrzvboCr-ydk,https://www.hoposa.es/hotels/pollentia?utm_source=google&utm_medium=mybusiness&utm_campaign=boton,https://maps.google.com/?cid=15693353835590007727&g_mp=Cidnb29nbGUubWFwcy5wbGFjZXMudjEuUGxhY2VzLlNlYXJjaFRleHQQAhgEIAA,,
hotel,Hotel Nou Dalt Muntanya,4.3,403,Orient,"Ctra Bunyola, km 10, 07349 Orient, Illes Balears",ChIJwTMTzsnplxIRGt_JbnfnyIw,http://www.dalt-muntanya.com/,https://maps.google.com/?cid=10144612660797890330&g_mp=Cidnb29nbGUubWFwcy5wbGFjZXMudjEuUGxhY2VzLlNlYXJjaFRleHQQAhgEIAA,,
hotel,Villa Chiquita Hotel Resort & Spa - Adults Only (+12),4.6,399,Colonia de Sant Jordi,"Calle Esmeralda, 14, Carrer Esmeragda, 14, 07638 Colònia de Sant Jordi, Illes Balears",ChIJb2A9SaiplxIRfm8o9-Zzces,https://www.hotelvillachiquita.com/,https://maps.google.com/?cid=16965468707107663742&g_mp=Cidnb29nbGUubWFwcy5wbGFjZXMudjEuUGxhY2VzLlNlYXJjaFRleHQQAhgEIAA,,
hotel,Hotel Voramar Mallorca,4.2,394,Cala Millor,"Carrer de Binicanella, 2, 07560 Cala Millor, Illes Balears",ChIJew0gmHhAlhIRJrITrC5RLWQ,https://www.hotelvoramarmallorca.es/?utm_source=google&utm_medium=organic&utm_campaign=GMB&utm_content=HotelVoramar,https://maps.google.com/?cid=7218515038642090534&g_mp=Cidnb29nbGUubWFwcy5wbGFjZXMudjEuUGxhY2VzLlNlYXJjaFRleHQQAhgEIAA,,
hotel,El Llorenç Parc de la Mar (+16),4.7,392,Palma,"Plaça de Llorenç Villalonga, 4, Centre, 07001 Palma, Illes Balears",ChIJ_doTdWqTlxIRSS_jRqdFYXw,https://www.elllorenc.com/es/home.html,https://maps.google.com/?cid=8962521318195146569&g_mp=Cidnb29nbGUubWFwcy5wbGFjZXMudjEuUGxhY2VzLlNlYXJjaFRleHQQAhgEIAA,,
hotel,Universal Hotel Cabo Blanco - Adults Only,4.5,390,Colonia de Sant Jordi,"Calle Carabela, 2, 07638 Colònia de Sant Jordi, Illes Balears",ChIJ--_FEqiplxIRPI76QPz9OSY,https://www.universalbeachhotels.com/hoteles/universal-hotel-cabo-blanco-adults-only?utm_source=google&utm_medium=organic&utm_campaign=GMB&utm_content=universalhotelcaboblancoadultsonly,https://maps.google.com/?cid=2754511906977517116&g_mp=Cidnb29nbGUubWFwcy5wbGFjZXMudjEuUGxhY2VzLlNlYXJjaFRleHQQAhgEIAA,,
hotel,Carrossa Hotel & Spa,4.6,380,Artà,"Cami de Carrossa KM 3.4, 07570 Artà, Illes Balears",ChIJy2Y4ZAM8lhIRx0kptgY7FH8,https://www.carrossa.com/,https://maps.google.com/?cid=9157008842363062727&g_mp=Cidnb29nbGUubWFwcy5wbGFjZXMudjEuUGxhY2VzLlNlYXJjaFRleHQQAhgEIAA,,
hotel,JS Palma Plaza,4.4,376,Palma,"Plaça de Madrid, 13, Ponent, 07011 Palma, Illes Balears",ChIJM4xC7D-TlxIROXbDIbPibIs,https://www.jshotels.com/js-palma-plaza?utm_source=google&utm_medium=organic&utm_campaign=my_business,https://maps.google.com/?cid=10046654127750215225&g_mp=Cidnb29nbGUubWFwcy5wbGFjZXMudjEuUGxhY2VzLlNlYXJjaFRleHQQAhgEIAA,,
hotel,Petit Hotel Ses Rotges,4.8,370,Cala Ratjada,"Carrer de Xuclamel, 21, 07590 Cala Rajada, Illes Balears",ChIJ1-2zr1gWlhIR52Xx4Vsg_eA,http://www.sesrotges.com/,https://maps.google.com/?cid=16212149812608460263&g_mp=Cidnb29nbGUubWFwcy5wbGFjZXMudjEuUGxhY2VzLlNlYXJjaFRleHQQAhgEIAA,,
hotel,Hostel Sóller,4.6,368,Sóller,"Carrer de Santa Teresa, 27, 07100 Sóller, Illes Balears",ChIJJ-04cJXolxIRpbZq0vp1o7s,http://hostelsoller.com/,https://maps.google.com/?cid=13520780226428843685&g_mp=Cidnb29nbGUubWFwcy5wbGFjZXMudjEuUGxhY2VzLlNlYXJjaFRleHQQAhgEIAA,,
hotel,Trendhotel Alcudia,4.7,363,Alcúdia,"Avinguda de Mèxic, 3, 07400 Alcúdia, Illes Balears",ChIJQ9rcB8EslhIRCb_RgY6pawc,http://www.trendhotelalcudia.com/,https://maps.google.com/?cid=534707410301992713&g_mp=Cidnb29nbGUubWFwcy5wbGFjZXMudjEuUGxhY2VzLlNlYXJjaFRleHQQAhgEIAA,,
hotel,Can Alomar Hotel,4.7,362,Palma,"Carrer de Sant Feliu, 1, Centre, 07012 Palma, Illes Balears",ChIJoegB1USSlxIRY4l-EKhDs9c,http://www.canalomarhotel.com/,https://maps.google.com/?cid=15542841128096008547&g_mp=Cidnb29nbGUubWFwcy5wbGFjZXMudjEuUGxhY2VzLlNlYXJjaFRleHQQAhgEIAA,,
hotel,Villaverde Deià,4.3,358,Deià,"Carrer Ramon Llull, 19, 07179 Deià, Illes Balears",ChIJte2k9LLvlxIRhh5g70R6iR4,http://www.hostalvillaverde.es/,https://maps.google.com/?cid=2200424329439616646&g_mp=Cidnb29nbGUubWFwcy5wbGFjZXMudjEuUGxhY2VzLlNlYXJjaFRleHQQAhgEIAA,,
hotel,Agroturismo Ses Cases de Fetget,4.6,355,Artà,"CARRETERA SON SERVERA-ARTA, km 1,5, 07550 SON SERVERA (MALLORCA), Illes Balears",ChIJu-2yIxo8lhIR8PSoQRDUSh4,http://www.sescasesdefetget.com/,https://maps.google.com/?cid=2182790135700583664&g_mp=Cidnb29nbGUubWFwcy5wbGFjZXMudjEuUGxhY2VzLlNlYXJjaFRleHQQAhgEIAA,,
hotel,PULA SUITES BOUTIQUE RESORT,4.5,355,Son Servera,"Predio de Pula, Ma-4040, s/n, km 2,3, 07550 Son Servera, Illes Balears",ChIJ9wyFGf4-lhIRc0UxZUH_E48,https://www.pulasuites.com/?utm_source=google&utm_medium=organic&utm_campaign=GMB&utm_content=Pulasuites,https://maps.google.com/?cid=10309864628316882291&g_mp=Cidnb29nbGUubWFwcy5wbGFjZXMudjEuUGxhY2VzLlNlYXJjaFRleHQQAhgEIAA,,
hotel,La Vila Hotel,4.1,355,Sóller,"Plaça de sa Constitució, 14, 07100 Sóller, Illes Balears",ChIJsXtNBL_olxIRF13uKBSbV2s,http://www.lavilahotel.com/,https://maps.google.com/?cid=7734821395920477463&g_mp=Cidnb29nbGUubWFwcy5wbGFjZXMudjEuUGxhY2VzLlNlYXJjaFRleHQQAhgEIAA,,
hotel,Hotel Vista Sol,4.1,355,Cala Ratjada,"Calle Mestre Vicens Nadal, 64, 07590 Cala Rajada, Illes Balears",ChIJ0ckcxuwXlhIRiIZkEHF7Uxs,,https://maps.google.com/?cid=1969053187627583112&g_mp=Cidnb29nbGUubWFwcy5wbGFjZXMudjEuUGxhY2VzLlNlYXJjaFRleHQQAhgEIAA,,
hotel,Portomar Apartments,4.5,353,Portocolom,"Carrer d'Hernan Cortés, 22, 07670 Portocolom, Illes Balears",ChIJV51VX5xalhIRLuRQcqcmdtQ,https://www.portomarapartments.com/,https://maps.google.com/?cid=15309466483911877678&g_mp=Cidnb29nbGUubWFwcy5wbGFjZXMudjEuUGxhY2VzLlNlYXJjaFRleHQQAhgEIAA,,
hotel,Hotel Miramar Mallorca,4.6,351,Port de Pollença,"Passeig d'Anglada Camarasa, 39, 07470 Port de Pollença, Illes Balears",ChIJS1MVjiTVlxIRHiakiM5Vj6I,https://www.hotelmiramarmallorca.com/?utm_source=google&utm_medium=organic&utm_campaign=GMB&utm_content=Miramar,https://maps.google.com/?cid=11713675501358032414&g_mp=Cidnb29nbGUubWFwcy5wbGFjZXMudjEuUGxhY2VzLlNlYXJjaFRleHQQAhgEIAA,,
hotel,Hotel Creu de Tau Art & Spa,4.9,348,Capdepera,"C/ Dones de la Llata, 7, 07580 Capdepera, Illes Balears",ChIJSTo0eBYWlhIRxK7Lsa7SX-E,https://www.hotelcreudetau.com/?utm_source=google&utm_medium=organic&utm_campaign=GoogleMyBusiness&partner=8559,https://maps.google.com/?cid=16239930429070356164&g_mp=Cidnb29nbGUubWFwcy5wbGFjZXMudjEuUGxhY2VzLlNlYXJjaFRleHQQAhgEIAA,,
hotel,Boutique Hotel El Coto,4.8,341,Colonia de Sant Jordi,"Av. Primavera, 8, 07638 Ses Salines, Illes Balears",ChIJ58OjqaeplxIRQPUsI4itxOc,http://www.hotelcoto.es/,https://maps.google.com/?cid=16700664118413948224&g_mp=Cidnb29nbGUubWFwcy5wbGFjZXMudjEuUGxhY2VzLlNlYXJjaFRleHQQAhgEIAA,,
hotel,Hotel Restaurante Cupidor,4.2,334,Peguera,"Carrer des Capdellà, 4, 07160 Peguera, Illes Balears",ChIJjfCT1lMnmBIRQQAClQEB968,http://www.hotelcupidor.com/,https://maps.google.com/?cid=12679604382191452225&g_mp=Cidnb29nbGUubWFwcy5wbGFjZXMudjEuUGxhY2VzLlNlYXJjaFRleHQQAhgEIAA,,
hotel,Amena Mar,4,330,S'Illot,"Paseo Neptuno, 6, 07687 S'Illot, Illes Balears",ChIJhSUl8_tAlhIRisY15pdrWUk,http://www.amenamarhotel.com/,https://maps.google.com/?cid=5285373937842505354&g_mp=Cidnb29nbGUubWFwcy5wbGFjZXMudjEuUGxhY2VzLlNlYXJjaFRleHQQAhgEIAA,,
hotel,Hotel El Vicenç de la Mar,4.7,323,Cala Sant Vicenç,"Carrer de Cala Molins, 6, 07469 Cala de Sant Vicenç, Illes Balears",ChIJH7Bqk23VlxIREdDAxwGC2p8,https://www.elvicenc.com/,https://maps.google.com/?cid=11518661941111345169&g_mp=Cidnb29nbGUubWFwcy5wbGFjZXMudjEuUGxhY2VzLlNlYXJjaFRleHQQAhgEIAA,,
hotel,Hotel Sis Pins,4.3,321,Port de Pollença,"Passeig d'Anglada Camarasa, 77, 07470 Port de Pollença, Illes Balears",ChIJvfFz3CTVlxIRjFw3-6wboKQ,https://hotelsispins.com/,https://maps.google.com/?cid=11862511848256920716&g_mp=Cidnb29nbGUubWFwcy5wbGFjZXMudjEuUGxhY2VzLlNlYXJjaFRleHQQAhgEIAA,,
hotel,ORANGE Colom Seaside Apartments.,4.5,318,Portocolom,"Carrer de l'Assumpció, 22, 07670 Portocolom, Illes Balears",ChIJQ275gptalhIRk6kpNkOyTUc,http://www.orangeportocolom.com/,https://maps.google.com/?cid=5137958751640856979&g_mp=Cidnb29nbGUubWFwcy5wbGFjZXMudjEuUGxhY2VzLlNlYXJjaFRleHQQAhgEIAA,,
hotel,Hotel Boutique Minister,4.6,310,Port de Sóller,"Paseo de la Playa, 12, 07108 Port de Sóller, Illes Balears",ChIJYxlCV_nllxIRJr9zB74CTPk,https://www.hotelminister.es/es/,https://maps.google.com/?cid=17963736028866133798&g_mp=Cidnb29nbGUubWFwcy5wbGFjZXMudjEuUGxhY2VzLlNlYXJjaFRleHQQAhgEIAA,,
hotel,Barefoot Hotel Mallorca,4.5,308,Portocolom,"Carrer de la Pinta, 34, 07670 Portocolom, Illes Balears",ChIJRaTfj1tblhIRapf913ak-WU,https://www.barefoothotel.com/,https://maps.google.com/?cid=7348085097368491882&g_mp=Cidnb29nbGUubWFwcy5wbGFjZXMudjEuUGxhY2VzLlNlYXJjaFRleHQQAhgEIAA,,
hotel,Son Sant Jordi,4.5,304,Pollença,"Carrer de Sant Jordi, 29, 07460 Pollença, Illes Balears",ChIJYSSM4R_UlxIRplDPSr0hv-c,http://www.sonsantjordi.com/,https://maps.google.com/?cid=16699103040200724646&g_mp=Cidnb29nbGUubWFwcy5wbGFjZXMudjEuUGxhY2VzLlNlYXJjaFRleHQQAhgEIAA,,
hotel,"Finca Serena Mallorca, member of Small Luxury Hotels",4.5,299,Montuïri,"Ma-3200 km, Ma-3200, km, 3, 3, 07230 Montuïri, Illes Balears",ChIJg5xGzQq3lxIRpuZmuuWdeSM,https://www.unicohotels.com/es/finca-serena-mallorca/?utm_source=google&utm_medium=organic&utm_campaign=google-my-business,https://maps.google.com/?cid=2556247873509844646&g_mp=Cidnb29nbGUubWFwcy5wbGFjZXMudjEuUGxhY2VzLlNlYXJjaFRleHQQAhgEIAA,,
hotel,Hotel Calatrava,4.8,297,Palma,"Plaça de Llorenç Villalonga, 8, Centre, 07001 Palma, Illes Balears",ChIJq8eyBJiUlxIRid1sO5SqVA0,http://www.calatravahotel.com/,https://maps.google.com/?cid=960580174165630345&g_mp=Cidnb29nbGUubWFwcy5wbGFjZXMudjEuUGxhY2VzLlNlYXJjaFRleHQQAhgEIAA,,
hotel,The Sea Club,4.7,295,Cala Ratjada,"Avinguda d'Amèrica, 27, 07590 Cala Rajada, Illes Balears",ChIJW9M9E18WlhIRw6M6_wGsMcU,http://www.theseaclub.es/,https://maps.google.com/?cid=14209327423907603395&g_mp=Cidnb29nbGUubWFwcy5wbGFjZXMudjEuUGxhY2VzLlNlYXJjaFRleHQQAhgEIAA,,
hotel,Can Cera Hotel,4.7,279,Palma,"Carrer de Sant Francesc, 8, Centre, 07001 Palma, Illes Balears",ChIJmaYgNk6SlxIRtXb27Crk9h4,https://www.cancerahotel.com/,https://maps.google.com/?cid=2231221538423994037&g_mp=Cidnb29nbGUubWFwcy5wbGFjZXMudjEuUGxhY2VzLlNlYXJjaFRleHQQAhgEIAA,,
hotel,Onmood Cala Ratjada,4,278,Cala Ratjada,"Carrer Castellet, 12, 07590 Cala Rajada, Illes Balears",ChIJi03mL_YWlhIR6Fnn7fjm75g,https://www.portbluehotels.com/hoteles/onmood-cala-ratjada-by-portblue-hotels/,https://maps.google.com/?cid=11020280770016532968&g_mp=Cidnb29nbGUubWFwcy5wbGFjZXMudjEuUGxhY2VzLlNlYXJjaFRleHQQAhgEIAA,,
hotel,Zhero Hotel Mallorca,4.2,277,Illetas,"Carretera Andratx, Km 6, Km 6, 07181 Cas Català-Illetes, Illes Balears",ChIJa6x4bs8gmBIRr6mAFk8KH-U,http://www.zherohotelmallorca.com/,https://maps.google.com/?cid=16509926093759752623&g_mp=Cidnb29nbGUubWFwcy5wbGFjZXMudjEuUGxhY2VzLlNlYXJjaFRleHQQAhgEIAA,,
hotel,Cala Figuera,4.7,269,Santanyí,"Carrer Hernán Cortés, 43, 07659 Santanyí, Illes Balears",ChIJHVud4yVUlhIRKikRYsl4VEg,,https://maps.google.com/?cid=5211923475103557930&g_mp=Cidnb29nbGUubWFwcy5wbGFjZXMudjEuUGxhY2VzLlNlYXJjaFRleHQQAhgEIAA,,
hotel,Santa Clara Urban Hotel & Spa,4.5,269,Palma,"Carrer de Sant Alonso, 16, Centre, 07001 Palma, Illes Balears",ChIJfz378k6SlxIRQgnPvhdBurw,https://www.santaclarahotel.es/?referer_code=GOOGLEBP,https://maps.google.com/?cid=13599253595039926594&g_mp=Cidnb29nbGUubWFwcy5wbGFjZXMudjEuUGxhY2VzLlNlYXJjaFRleHQQAhgEIAA,,
hotel,Soller Plaza,4.7,268,Sóller,"Carrer de Vicari Pastor, 4, 07100 Sóller, Illes Balears",ChIJif4TPL_olxIRod2nyrK_DF4,http://www.hotelsollerplaza.com/,https://maps.google.com/?cid=6777002313910836641&g_mp=Cidnb29nbGUubWFwcy5wbGFjZXMudjEuUGxhY2VzLlNlYXJjaFRleHQQAhgEIAA,,
hotel,Portals Hills Boutique Hotel Mallorca,4.8,263,Portals Nous,"Carrer d'en Seguí, 4, 07181 Portals Nous, Illes Balears",ChIJEzYyyIOOlxIR0jzvlR5gdbE,http://www.portals-hills.com/,https://maps.google.com/?cid=12787232401469160658&g_mp=Cidnb29nbGUubWFwcy5wbGFjZXMudjEuUGxhY2VzLlNlYXJjaFRleHQQAhgEIAA,,
hotel,Agroturismo Es Quatre Cantons,4.7,263,Binissalem,"Cami Dels Ollers, 1, 07350 Binissalem, Illes Balears",ChIJpaaPpkjBlxIRy2rg8H229Os,https://www.esquatrecantons.es/,https://maps.google.com/?cid=17002415145258871499&g_mp=Cidnb29nbGUubWFwcy5wbGFjZXMudjEuUGxhY2VzLlNlYXJjaFRleHQQAhgEIAA,,
hotel,Sol i Vida (Adults Only) Boutique Hotel,4.5,259,Porto Cristo,"Avinguda d'en Joan Servera Camps, 11, 07680 Porto Cristo, Illes Balears",ChIJe05zO7FGlhIRvqvlvGr0tG0,https://www.solivida.es/es/,https://maps.google.com/?cid=7905211985214942142&g_mp=Cidnb29nbGUubWFwcy5wbGFjZXMudjEuUGxhY2VzLlNlYXJjaFRleHQQAhgEIAA,,
hotel,Meliá Cala d'Or Boutique Hotel,4.6,258,Cala d'Or,"Carrer de Portinatx, 16-18, 07660 Mallorca, Illes Balears",ChIJRVVlLMJQlhIR1ePdpISRPlM,https://www.melia.com/en/hotels/spain/majorca/melia-cala-dor-boutique-hotel?utm_campaign=google&utm_content=0758&utm_medium=organic&utm_source=directories,https://maps.google.com/?cid=5998391752591795157&g_mp=Cidnb29nbGUubWFwcy5wbGFjZXMudjEuUGxhY2VzLlNlYXJjaFRleHQQAhgEIAA,,
hotel,Hotel Bell Port,4.4,258,Cala Ratjada,"Carrer de l'Agulla, 83, 07590 Cala Rajada, Illes Balears",ChIJZ68G8U8WlhIR1ImNDgSrlZQ,http://www.hotelbellport.com/es/?partner=5508&utm_source=google&utm_medium=gmb&utm_campaign=web_link,https://maps.google.com/?cid=10706651723055598036&g_mp=Cidnb29nbGUubWFwcy5wbGFjZXMudjEuUGxhY2VzLlNlYXJjaFRleHQQAhgEIAA,,
hotel,MarSenses Ferrera Blanca Hotel Adults Only,4.7,253,Cala d'Or,"Carrer sa Partió, 1, 07669 Cala d'Or, Illes Balears",ChIJ05NH0OtRlhIRnU63v1weF6E,https://www.marsenses.com/hoteles/marsenses-ferrera-blanca-hotel-adults-only?utm_source=GBP_FAO&utm_medium=BOTON_FAO_GBP&utm_campaign=GBP,https://maps.google.com/?cid=11607779948273028765&g_mp=Cidnb29nbGUubWFwcy5wbGFjZXMudjEuUGxhY2VzLlNlYXJjaFRleHQQAhgEIAA,,
hotel,Ca's Xorc Luxury Retreat,4.4,253,Sóller,"Carretera de Deià, Km. 56, 1, 07100 Sóller, Illes Balears",ChIJbfGOHrHolxIRupvdOHYy0ic,http://www.casxorc.com/,https://maps.google.com/?cid=2869411395930004410&g_mp=Cidnb29nbGUubWFwcy5wbGFjZXMudjEuUGxhY2VzLlNlYXJjaFRleHQQAhgEIAA,,
hotel,Hotel Rocamar,4.3,251,Cala Figuera,"Carrer Juan Sebastián Elcano, 38, 07659 Cala Figuera, Illes Balears",ChIJB6CK9SVUlhIRFyZYbs8jHww,http://www.rocamarplayamar.com/,https://maps.google.com/?cid=873456226549638679&g_mp=Cidnb29nbGUubWFwcy5wbGFjZXMudjEuUGxhY2VzLlNlYXJjaFRleHQQAhgEIAA,,
hotel,Hotel Apartamentos Cala Santanyí,4.5,246,Santanyí,"Carrer sa Costa Dets Ètics, 7, 07659 Cala Santanyí, Illes Balears",ChIJf2ESQsNQlhIRhgqxeXI3dts,https://www.hotelcalasantanyi.com/?utm_source=google&utm_medium=organic&utm_campaign=knowledge-graph,https://maps.google.com/?cid=15813888106365520518&g_mp=Cidnb29nbGUubWFwcy5wbGFjZXMudjEuUGxhY2VzLlNlYXJjaFRleHQQAhgEIAA,,
hotel,SA PEDRISSA,4.7,244,Deià,"Carretera Valldemossa - Deiá, Km 64,5, 07179 Deià, Illes Balears",ChIJPZ8ghK3vlxIREml0b45Qtk8,http://www.sapedrissa.com/,https://maps.google.com/?cid=5743866947443124498&g_mp=Cidnb29nbGUubWFwcy5wbGFjZXMudjEuUGxhY2VzLlNlYXJjaFRleHQQAhgEIAA,,
hotel,Es Racó d'Artà,4.6,244,Artà,"Camí des Racó, Ctra. Camide Cala Mitjana, Km1.5, 07579 Artà, Illes Balears",ChIJ-0b7aZM9lhIR__oSOC3Vm-o,http://www.esracodarta.com/,https://maps.google.com/?cid=16905340016456301311&g_mp=Cidnb29nbGUubWFwcy5wbGFjZXMudjEuUGxhY2VzLlNlYXJjaFRleHQQAhgEIAA,,
hotel,Bluewater Hotel,4,244,Colonia de Sant Jordi,"Passeig de la Rosa, 14, 07638 Colònia de Sant Jordi, Illes Balears",ChIJcxTMmaGplxIRYhfhJeX5gWk,https://bluewaterhotelmallorca.com/,https://maps.google.com/?cid=7602632408556443490&g_mp=Cidnb29nbGUubWFwcy5wbGFjZXMudjEuUGxhY2VzLlNlYXJjaFRleHQQAhgEIAA,,
hotel,Hotel Ankaa - Adults Only,4.3,243,Porto Cristo,"Ctra. de les Coves, 48-50, 07680 Porto Cristo, Illes Balears",ChIJg9VaqbBGlhIRvUwSIRu7l4k,http://www.hotelankaa.com/,https://maps.google.com/?cid=9914598829872794813&g_mp=Cidnb29nbGUubWFwcy5wbGFjZXMudjEuUGxhY2VzLlNlYXJjaFRleHQQAhgEIAA,,
hotel,Bikini Island & Mountain Hotel Es Trenc,4.4,241,Colonia de Sant Jordi,"Carrer Esmeragda, 6, 07638 Colònia de Sant Jordi, Illes Balears",ChIJ8QC66ImplxIRTdUDk1gQsiE,https://www.bikini-hotels.com/bikini-island-mountain-hotel-es-trenc/,https://maps.google.com/?cid=2428021121715787085&g_mp=Cidnb29nbGUubWFwcy5wbGFjZXMudjEuUGxhY2VzLlNlYXJjaFRleHQQAhgEIAA,,
hotel,Nobis Hotel Palma,4.6,239,Palma,"Carrer de les Caputxines, 9, Centre, 07003 Palma, Illes Balears",ChIJfY90BBKTlxIRPRtC3k74MZs,http://www.nobishotel.es/,https://maps.google.com/?cid=11182992367357664061&g_mp=Cidnb29nbGUubWFwcy5wbGFjZXMudjEuUGxhY2VzLlNlYXJjaFRleHQQAhgEIAA,,
hotel,Hotel Kyrat Amàrac Suites,4.5,239,Cala Millor,"Carrer de la Vinya del Mar, 4, 07560 Son Servera, Illes Balears",ChIJn5PdWAVBlhIRph0kznS7naQ,https://www.kyrathotels.com/kyrat-amarac-suites.html?utm_medium=organic&utm_source=google&utm_campaign=google-my-business&utm_term=google-local&utm_id=kyrat-amarac-suites,https://maps.google.com/?cid=11861843103912828326&g_mp=Cidnb29nbGUubWFwcy5wbGFjZXMudjEuUGxhY2VzLlNlYXJjaFRleHQQAhgEIAA,,
hotel,Boutique Hotel Ca'n Bonico,4.4,237,Ses Salines,"Plaça Sant Bartomeu, 8, 07640 Ses Salines, Illes Balears",ChIJ4_AqOKGrlxIR_gLnN8nUHog,http://www.hotelcanbonico.com/?utm_source=google&utm_medium=mybusiness&utm_campaign=boton,https://maps.google.com/?cid=9808510999150920446&g_mp=Cidnb29nbGUubWFwcy5wbGFjZXMudjEuUGxhY2VzLlNlYXJjaFRleHQQAhgEIAA,,
hotel,Sa Vall Valldemossa.Turismo de Interior,4.5,230,Valldemossa,"Camí de Son Escanyelles, 19, 07170 Valldemossa, Illes Balears",ChIJabgY8QXulxIR5XbvMHudp1Q,https://savallvalldemossa.es/,https://maps.google.com/?cid=6100017372724164325&g_mp=Cidnb29nbGUubWFwcy5wbGFjZXMudjEuUGxhY2VzLlNlYXJjaFRleHQQAhgEIAA,,
hotel,Cabot Hobby Club Apartments,4.3,222,Port de Pollença,"Carrer del Roure, 1, 07470 Port de Pollença, Illes Balears",ChIJNaatWiDVlxIRVhd2eT0Qkno,https://cabot-hotels.com/en/cabot-hobby-club-apartments/complex/?utm_source=google&utm_medium=organic&utm_campaign=GoogleMyBusiness&partner=5909,https://maps.google.com/?cid=8832139675443795798&g_mp=Cidnb29nbGUubWFwcy5wbGFjZXMudjEuUGxhY2VzLlNlYXJjaFRleHQQAhgEIAA,,
hotel,Hotel Can Ferrereta,4.7,220,Santanyí,"Carrer de Can Ferrereta, 12, 07650 Santanyí, Illes Balears",ChIJ0yRHtoRUlhIRsDhiej4xDHM,https://www.hotelcanferrereta.com/es/,https://maps.google.com/?cid=8290055158493231280&g_mp=Cidnb29nbGUubWFwcy5wbGFjZXMudjEuUGxhY2VzLlNlYXJjaFRleHQQAhgEIAA,,
hotel,Agroturismo Sa Vinya des Convent,4.6,220,Inca,"Ctra. Inca-Sineu, km 0, 07300 Inca, Illes Balears",ChIJPdcLO8DFlxIRAsBzQftUcX0,http://www.savinyadesconvent.com/,https://maps.google.com/?cid=9039099365220925442&g_mp=Cidnb29nbGUubWFwcy5wbGFjZXMudjEuUGxhY2VzLlNlYXJjaFRleHQQAhgEIAA,,
hotel,The Donna Portals,4.7,219,Portals Nous,"Carrer Falconer, 19, 07181 Portals Nous, Illes Balears",ChIJxfBO-6aPlxIROQ09lqybZNU,https://thedonnaportals.com/?utm_source=google&utm_medium=organic&utm_campaign=the-donna-portals-gmb,https://maps.google.com/?cid=15376586193306979641&g_mp=Cidnb29nbGUubWFwcy5wbGFjZXMudjEuUGxhY2VzLlNlYXJjaFRleHQQAhgEIAA,,
hotel,Yartan Boutique Hotel,4.9,217,Artà,"Carrer Trespolet, 8, 07570 Artà, Illes Balears",ChIJtaCBJ0Y9lhIRE9xE18xYBmM,https://www.yartanhotels.com/?utm_source=google&utm_medium=organic&utm_campaign=my_business&utm_content=yartan_boutique,https://maps.google.com/?cid=7135488296423316499&g_mp=Cidnb29nbGUubWFwcy5wbGFjZXMudjEuUGxhY2VzLlNlYXJjaFRleHQQAhgEIAA,,
hotel,AUMALLIA HOTEL & SPA,4.7,215,Felanitx,"Camí d'Almallia, s/n, 07209 Felanitx, Illes Balears",ChIJ8Rq8nI20lxIR_BENdA_7wLs,http://www.aumallia.com/,https://maps.google.com/?cid=13529089324411064828&g_mp=Cidnb29nbGUubWFwcy5wbGFjZXMudjEuUGxhY2VzLlNlYXJjaFRleHQQAhgEIAA,,
hotel,Ca's Papà Sweet Hotel Valldemossa,4.5,211,Valldemossa,"Carrer de Jovellanos, 8, 07170 Valldemossa, Illes Balears",ChIJSwIVWwHulxIRMk_7ISFYv-s,http://www.hotelcaspapa.com/,https://maps.google.com/?cid=16987393218792083250&g_mp=Cidnb29nbGUubWFwcy5wbGFjZXMudjEuUGxhY2VzLlNlYXJjaFRleHQQAhgEIAA,,
hotel,Hotel Can Serrete,4.8,209,Sineu,"Carrer dels Bous, 71, 07510 Sineu, Illes Balears",ChIJHUYmk4_JlxIRbaYaUhJ2geE,https://www.canserrete.com/,https://maps.google.com/?cid=16249398751588427373&g_mp=Cidnb29nbGUubWFwcy5wbGFjZXMudjEuUGxhY2VzLlNlYXJjaFRleHQQAhgEIAA,,
hotel,Boutique Hotel Petit Montision,4.7,207,Palma,"C/ del Socors, 3, Centre, 07002 Palma, Illes Balears",ChIJpWR3f7aTlxIREhSvNGQumH8,http://www.hotelpetitmontision.com/,https://maps.google.com/?cid=9194149647192364050&g_mp=Cidnb29nbGUubWFwcy5wbGFjZXMudjEuUGxhY2VzLlNlYXJjaFRleHQQAhgEIAA,,
hotel,Villa Lorenzo,4.6,207,Cala Figuera,"Carrer Magallanes, 11, 07659 Cala Figuera, Illes Balears",ChIJNTdggjpUlhIR0Rem1ACh8ok,http://www.villalorenzo.com/,https://maps.google.com/?cid=9940184352499832785&g_mp=Cidnb29nbGUubWFwcy5wbGFjZXMudjEuUGxhY2VzLlNlYXJjaFRleHQQAhgEIAA,,
hotel,Mamboo Hotel Cala Ratjada,4.9,206,Cala Ratjada,"Carrer des Moll, 12, 07590 Cala Rajada, Illes Balears",ChIJs9_yQPcWlhIRKBbUg7RmRrc,http://www.mamboo-hotel.es/,https://maps.google.com/?cid=13206355882802419240&g_mp=Cidnb29nbGUubWFwcy5wbGFjZXMudjEuUGxhY2VzLlNlYXJjaFRleHQQAhgEIAA,,
hotel,Sa Cabana Hotel Rural Spa,4.7,203,Alcúdia,"Carretera Palma-Alcúdia Km 19,9, 07330 Consell, Illes Balears",ChIJz5UKXAzBlxIRvp7uAfQJ1pE,http://www.hotelsacabana.com/,https://maps.google.com/?cid=10508597724124716734&g_mp=Cidnb29nbGUubWFwcy5wbGFjZXMudjEuUGxhY2VzLlNlYXJjaFRleHQQAhgEIAA,,
hotel,Virrey Finca Hotel,4.4,203,Inca,"km 2,4, Carretera Inca- Sencelles, 07300 Inca, Illes Balears",ChIJR2eB2cHFlxIRykXw-tbwrvo,https://www.virreyhotel.com/es/?utm_source=google&utm_medium=organic&utm_campaign=google-my-business,https://maps.google.com/?cid=18063639961553356234&g_mp=Cidnb29nbGUubWFwcy5wbGFjZXMudjEuUGxhY2VzLlNlYXJjaFRleHQQAhgEIAA,,
hotel,Hotel JS Sol de Can Picafort,4,203,Can Picafort,"Passeig Colón, 88, 07458 Can Picafort, Illes Balears",ChIJzY1Z5yAzlhIRZP0iuQvdKR0,https://www.jshotels.com/js-sol-de-can-picafort/?utm_source=google&utm_medium=organic&utm_campaign=my_business,https://maps.google.com/?cid=2101453743565503844&g_mp=Cidnb29nbGUubWFwcy5wbGFjZXMudjEuUGxhY2VzLlNlYXJjaFRleHQQAhgEIAA,,
hotel,Es Figueral Nou Hotel (+12),4.7,199,Montuïri,"Carretera de Montuiri a Sant Joan km7 s/n, 07230 Montuïri, Illes Balears",ChIJ71_vh1-3lxIRV2zi3jVMgAg,http://www.esfigueralnou.es/,https://maps.google.com/?cid=612573343578745943&g_mp=Cidnb29nbGUubWFwcy5wbGFjZXMudjEuUGxhY2VzLlNlYXJjaFRleHQQAhgEIAA,,
hotel,Angels Boutique - Turismo de interior,4.8,196,Selva,"Carrer dels Angels, 22, 07313 Selva, Illes Balears",ChIJZfsGOBzFlxIRWFtkrDsTU-k,http://www.respirhotels.com/,https://maps.google.com/?cid=16812802980920449880&g_mp=Cidnb29nbGUubWFwcy5wbGFjZXMudjEuUGxhY2VzLlNlYXJjaFRleHQQAhgEIAA,,
hotel,Son Julia Country House & Spa,4.7,196,Llucmajor,"Crta. De S'Arenal a Llucmajor, s/n, 07620 Llucmajor, Islas Baleares, Illes Balears",ChIJt-QrdHC7lxIRMMPXNMG-jo0,https://www.sonjulia.com/,https://maps.google.com/?cid=10200299943065273136&g_mp=Cidnb29nbGUubWFwcy5wbGFjZXMudjEuUGxhY2VzLlNlYXJjaFRleHQQAhgEIAA,,
hotel,Hotel d'es Puig,4.7,189,Deià,"Carrer es Puig, 4, 07179 Deià, Illes Balears",ChIJ084rcrLvlxIRGhNNsPo1iBY,http://www.hoteldespuig.com/,https://maps.google.com/?cid=1623607016483001114&g_mp=Cidnb29nbGUubWFwcy5wbGFjZXMudjEuUGxhY2VzLlNlYXJjaFRleHQQAhgEIAA,,
hotel,tent Arenal,4.3,189,S'Arenal,"Carrer Maria Antònia Salvà, 44, 07600 S'Arenal, Illes Balears",ChIJJwTNbwCXlxIRAop2jEC5wjU,https://www.tenthotels.com/de/tent-arenal?utm_source=google&utm_medium=organic&utm_campaign=GoogleMyBusiness&utm_content=arenal,https://maps.google.com/?cid=3873862316377672194&g_mp=Cidnb29nbGUubWFwcy5wbGFjZXMudjEuUGxhY2VzLlNlYXJjaFRleHQQAhgEIAA,,
hotel,Hostal Oasis d'Or,4,189,Cala d'Or,"Carrer dels Ravells, 4, 07660 Cala d'Or, Illes Balears",ChIJl4bF7sNQlhIR6cBynZLORz4,http://www.oasisdor.com/,https://maps.google.com/?cid=4487782682800079081&g_mp=Cidnb29nbGUubWFwcy5wbGFjZXMudjEuUGxhY2VzLlNlYXJjaFRleHQQAhgEIAA,,
hotel,Logis Hotel Segles,4.4,185,Santanyí,"C/ de Santanyí, 4, 07630 Campos, Illes Balears",ChIJ12GvqeGtlxIR_eI3hwYv7KU,http://www.logishotels.com/fr/hotel/-169446?partid=661,https://maps.google.com/?cid=11955982815846720253&g_mp=Cidnb29nbGUubWFwcy5wbGFjZXMudjEuUGxhY2VzLlNlYXJjaFRleHQQAhgEIAA,,
hotel,Hoposa Hotel Panorama,4.3,185,Port de Pollença,"Carrer del Corb Marí, 4, 07470 Port de Pollença, Illes Balears",ChIJla6G0N_UlxIRQiFp8ysdg8Q,https://www.hoposa.es/hotels/panorama?utm_source=google&utm_medium=mybusiness&utm_campaign=boton,https://maps.google.com/?cid=14160193727987523906&g_mp=Cidnb29nbGUubWFwcy5wbGFjZXMudjEuUGxhY2VzLlNlYXJjaFRleHQQAhgEIAA,,
hotel,Can Guixe - Turismo de interior,4.7,184,Inca,"Carrer Estrella, 3, 07300 Inca, Illes Balears",ChIJ7TbVVbjFlxIR44rAR1Xlmd8,http://www.respirhotels.com/,https://maps.google.com/?cid=16112161296333441763&g_mp=Cidnb29nbGUubWFwcy5wbGFjZXMudjEuUGxhY2VzLlNlYXJjaFRleHQQAhgEIAA,,
hotel,Agroturismo Son Viscos,4.4,184,Valldemossa,"Carrer del Camí Antic a Palma, 15, 07170 Valldemossa, Illes Balears",ChIJQ0XQtwPulxIRZ566bMxakhg,http://www.sonviscos.net/?utm_source=gmb&utm_medium=organic,https://maps.google.com/?cid=1770577437554024039&g_mp=Cidnb29nbGUubWFwcy5wbGFjZXMudjEuUGxhY2VzLlNlYXJjaFRleHQQAhgEIAA,,
hotel,Villa Miel,4.7,183,Cala Millor,"Paseo Cristobal Colon, 92, 07560 Son Moro, Baleric Islands",ChIJJ5KLVX1AlhIR65i2kBkFlFM,http://www.hotelvillamiel.com/,https://maps.google.com/?cid=6022444209061402859&g_mp=Cidnb29nbGUubWFwcy5wbGFjZXMudjEuUGxhY2VzLlNlYXJjaFRleHQQAhgEIAA,,
hotel,SAN LORENZO,4.6,183,Palma,"Carrer de Sant Llorenç, 14, Centre, 07012 Palma, Illes Balears",ChIJz_84UkOSlxIReQnQuPX3mUk,https://www.hotelsanlorenzo.com/,https://maps.google.com/?cid=5303542670945159545&g_mp=Cidnb29nbGUubWFwcy5wbGFjZXMudjEuUGxhY2VzLlNlYXJjaFRleHQQAhgEIAA,,
hotel,SB ARENAL,4.1,182,Palma,"Carrer del Germà Bianor, 16, Platja de Palma i Pla de Sant Jordi, 07600 Palma, Illes Balears",ChIJUXnCcgCXlxIR9fjZUFSURlM,http://sb-arenal.com.es/,https://maps.google.com/?cid=6000646643372390645&g_mp=Cidnb29nbGUubWFwcy5wbGFjZXMudjEuUGxhY2VzLlNlYXJjaFRleHQQAhgEIAA,,
hotel,Hotel Mirabó De Valldemossa,4.7,181,Valldemossa,"Finca Mirabó. Ctra. km 16, 07170 Valldemossa, Illes Balears",ChIJr3p0vAPulxIRFmpwKxOLEjw,http://www.mirabo.es/,https://maps.google.com/?cid=4328675106305894934&g_mp=Cidnb29nbGUubWFwcy5wbGFjZXMudjEuUGxhY2VzLlNlYXJjaFRleHQQAhgEIAA,,
hotel,Aethos Mallorca,4.5,178,Peguera,"Carrer Mareselva, 2, 07160 Peguera, Illes Balears",ChIJbQN7YQAnmBIRtDYUqFDplM8,https://www.aethos.com/destinations/mallorca,https://maps.google.com/?cid=14957836795030812340&g_mp=Cidnb29nbGUubWFwcy5wbGFjZXMudjEuUGxhY2VzLlNlYXJjaFRleHQQAhgEIAA,,
hotel,Aparthotel Marina Drach,4.2,178,Porto Cristo,"Carrer del Curricà, 16, 07680 Porto Cristo, Illes Balears",ChIJjc38PZpHlhIRbDDq4SIJEQA,http://www.aparthotelmarinadrach.com/,https://maps.google.com/?cid=4795120027840620&g_mp=Cidnb29nbGUubWFwcy5wbGFjZXMudjEuUGxhY2VzLlNlYXJjaFRleHQQAhgEIAA,,
hotel,Petit Sant Miquel,4.8,175,S'Horta,"Carrer Isaac Albéniz, 4, 07669 Calonge, Illes Balears",ChIJVVXl4wlRlhIRYxghDJVDe5o,http://www.petitsantmiquel.com/,https://maps.google.com/?cid=11131565211408996451&g_mp=Cidnb29nbGUubWFwcy5wbGFjZXMudjEuUGxhY2VzLlNlYXJjaFRleHQQAhgEIAA,,
hotel,Hostal Catalina Vera,4.6,175,Port d'Andratx,"Carrer d, C. de Isaac Peral, 63, 07157 Port d'Andratx, Illes Balears",ChIJ5az3kawmmBIRWPzLx052zL0,http://www.hostalcatalinavera.es/,https://maps.google.com/?cid=13676436249148914776&g_mp=Cidnb29nbGUubWFwcy5wbGFjZXMudjEuUGxhY2VzLlNlYXJjaFRleHQQAhgEIAA,,
hotel,Apartaments Niu D'Aus,4.4,175,Portopetro,"Carrer de s'Estel d'Argent, 13, 07691 Portopetro, Illes Balears",ChIJz4wOBi5RlhIRnggc1ZPDakk,https://www.niudaus.com/,https://maps.google.com/?cid=5290255752003061918&g_mp=Cidnb29nbGUubWFwcy5wbGFjZXMudjEuUGxhY2VzLlNlYXJjaFRleHQQAhgEIAA,,
hotel,Hotel Rural Sa Galera,4.6,168,Cas Concos,"Carretera, Km 6,3, 07208 Cas Concos, Illes Balears",ChIJL4ZB54pSlhIRV6mHvY0ijyk,http://www.hotelsagalera.com/,https://maps.google.com/?cid=2994650269390186839&g_mp=Cidnb29nbGUubWFwcy5wbGFjZXMudjEuUGxhY2VzLlNlYXJjaFRleHQQAhgEIAA,,
hotel,Can Aulí Luxury Retreat,4.7,167,Pollença,"Carrer de Mallorca, 40, 07460 Pollença, Illes Balears",ChIJQyKGyXvXlxIRtoTjjkkVs9w,https://canauliluxuryretreat.com/,https://maps.google.com/?cid=15903078114849424566&g_mp=Cidnb29nbGUubWFwcy5wbGFjZXMudjEuUGxhY2VzLlNlYXJjaFRleHQQAhgEIAA,,
hotel,Agroturismo Can Cantó de Marina,4.7,166,Sa Ràpita,"carretera, Enfrente del Parking, Diseminado Sa Marina, 99, 07639 Ses Covetes, Illes Balears",ChIJqS45os6vlxIR3YqND26sLJ8,http://www.cantodemarina.com/,https://maps.google.com/?cid=11469731939713125085&g_mp=Cidnb29nbGUubWFwcy5wbGFjZXMudjEuUGxhY2VzLlNlYXJjaFRleHQQAhgEIAA,,
hotel,Finca Sa Tanca,4.9,164,Cala d'Or,"Av. de Calonge, Km 2, 8, 07660 Cala d'Or, Illes Balears",ChIJibjx9-ZQlhIRGtC6GWDvJJ4,https://www.finca-satanca.de/,https://maps.google.com/?cid=11395496153181769754&g_mp=Cidnb29nbGUubWFwcy5wbGFjZXMudjEuUGxhY2VzLlNlYXJjaFRleHQQAhgEIAA,,
hotel,Pensión Bellavista,4.6,161,Port de Pollença,"Carrer de les Monges, 14, 07470 Port de Pollença, Illes Balears",ChIJLwywuCPVlxIRzbdiZgi-kTc,http://www.pensionbellavista.com/,https://maps.google.com/?cid=4004190486995843021&g_mp=Cidnb29nbGUubWFwcy5wbGFjZXMudjEuUGxhY2VzLlNlYXJjaFRleHQQAhgEIAA,,
hotel,Son Mercadal,4.5,156,Porreres,"Camí de son Pau, s/n, 07260 Porreres, Illes Balears",ChIJDzUxa8izlxIRyUE3FgBPLGQ,http://www.son-mercadal.com/,https://maps.google.com/?cid=7218231164559376841&g_mp=Cidnb29nbGUubWFwcy5wbGFjZXMudjEuUGxhY2VzLlNlYXJjaFRleHQQAhgEIAA,,
hotel,Belle Marivent Boutique Hotel,4.8,155,Palma,"Avinguda de Joan Miró, 250, Ponent, 07015 Palma, Illes Balears",ChIJb9JHXc2NlxIRVHWd-EaivTY,https://www.hotelbellemarivent.com/es/?utm_source=google&utm_medium=organic&utm_campaign=google-my-business,https://maps.google.com/?cid=3944487274348901716&g_mp=Cidnb29nbGUubWFwcy5wbGFjZXMudjEuUGxhY2VzLlNlYXJjaFRleHQQAhgEIAA,,
hotel,Hotel Can Moragues,4.7,152,Artà,"Carrer del Pou Nou, 12, 07570 Artà, Illes Balears",ChIJc-mKgxo8lhIRHuuXiUrpzgk,https://www.canmoragues.com/,https://maps.google.com/?cid=706758697889032990&g_mp=Cidnb29nbGUubWFwcy5wbGFjZXMudjEuUGxhY2VzLlNlYXJjaFRleHQQAhgEIAA,,
hotel,La Moraleja The Quiet Hotel - Adults Only,4.5,149,Cala Sant Vicenç,"Los Encinares, s/n, 07469 Cala de Sant Vicenç, Illes Balears",ChIJr7AnsaPVlxIRwZMCTqN-HZk,https://www.lamoralejamallorca.com/,https://maps.google.com/?cid=11033113901981144001&g_mp=Cidnb29nbGUubWFwcy5wbGFjZXMudjEuUGxhY2VzLlNlYXJjaFRleHQQAhgEIAA,,
hotel,Petit Hotel Es Figueral,4.7,147,Santanyí,"Carretera Palma-santanyi, KM 42, 07630 Campos, Illes Balears",ChIJ8aJ98wGtlxIR8JqpdgOWcgI,http://www.esfigueral.com/,https://maps.google.com/?cid=176368277040765680&g_mp=Cidnb29nbGUubWFwcy5wbGFjZXMudjEuUGxhY2VzLlNlYXJjaFRleHQQAhgEIAA,,
hotel,Agroturisme Sa Torre de Santa Eugènia | Finca Hotel Mallorca,4.8,144,Santa Eugènia,"Alqueries, 70, 07142 Santa Eugènia, Illes Balears",ChIJI-OJlrfAlxIRS0-q4Mgmro4,http://www.fincasatorre.com/,https://maps.google.com/?cid=10281197643537993547&g_mp=Cidnb29nbGUubWFwcy5wbGFjZXMudjEuUGxhY2VzLlNlYXJjaFRleHQQAhgEIAA,,
hotel,Hotel Salino Port Soller Adults Only,4.7,144,Port de Sóller,"Camí del Far, 15, 07100 Port de Sóller, Illes Balears",ChIJnw_iRfrllxIR-XQEsnr8yhs,https://hotelsalinoport.com/,https://maps.google.com/?cid=2002690588222452985&g_mp=Cidnb29nbGUubWFwcy5wbGFjZXMudjEuUGxhY2VzLlNlYXJjaFRleHQQAhgEIAA,,
hotel,Hotel Can Abril,4.8,143,Sóller,"Carrer de Pastor, 26, 07100 Sóller, Illes Balears",ChIJcZAH67_olxIRaoL___-X1-4,https://www.hotelcanabril.com/,https://maps.google.com/?cid=17210391626787029610&g_mp=Cidnb29nbGUubWFwcy5wbGFjZXMudjEuUGxhY2VzLlNlYXJjaFRleHQQAhgEIAA,,
hotel,Fontsanta Hotel Thermal Spa & Wellness – Preferred Hotels & Resorts,4.5,142,Colonia de Sant Jordi,"Km 8, Ctra. Campos a sa Colònia de Sant Jordi, 07638 Campos, Illes Balears",ChIJr_-OK1iplxIRSubL0HcW_x4,http://www.fontsantahotel.com/,https://maps.google.com/?cid=2233528644058998346&g_mp=Cidnb29nbGUubWFwcy5wbGFjZXMudjEuUGxhY2VzLlNlYXJjaFRleHQQAhgEIAA,,
hotel,Can Moragues de Soller,4,142,Sóller,"Carrer de Moragues, 1, 07100 Sóller, Illes Balears",ChIJLz660b_olxIRoccyO8iHqDY,https://www.canmoraguesdesoller.com/,https://maps.google.com/?cid=3938547168191891361&g_mp=Cidnb29nbGUubWFwcy5wbGFjZXMudjEuUGxhY2VzLlNlYXJjaFRleHQQAhgEIAA,,
hotel,Hotel Son Bunyola Villas,4.7,141,Banyalbufar,"Ctra. C, 710, 07191 Banyalbufar, Illes Balears",ChIJcSxusPfzlxIRLVwcpesqGnY,https://www.virginlimitededition.com/son-bunyola/?utm_medium=organic&utm_source=googlebusiness-sonbunyola&utm_campaign=son-bunyola,https://maps.google.com/?cid=8510161637445753901&g_mp=Cidnb29nbGUubWFwcy5wbGFjZXMudjEuUGxhY2VzLlNlYXJjaFRleHQQAhgEIAA,,
hotel,Hotel Can Riera by CheelHotels,4.6,141,Moscari,"Carrer del, C/ Pg. de sa Creu, 4 i, 6, 07316 Moscari, Illes Balears",ChIJI5sTXmjFlxIRBZa7zUbc67c,http://hotelcanriera.net/,https://maps.google.com/?cid=13252928525125260805&g_mp=Cidnb29nbGUubWFwcy5wbGFjZXMudjEuUGxhY2VzLlNlYXJjaFRleHQQAhgEIAA,,
hotel,Alaró Natura Rural Suites,4.8,130,Alaró,"Carrer de Can Barbut, 5, 07340 Alaró, Illes Balears",ChIJC1aH9RzClxIRRY-uaMeiMmA,http://www.alaronatura.com/,https://maps.google.com/?cid=6931781753815076677&g_mp=Cidnb29nbGUubWFwcy5wbGFjZXMudjEuUGxhY2VzLlNlYXJjaFRleHQQAhgEIAA,,
hotel,Agroturismo Finca Dalt Murada,4.4,130,Binissalem,"Camino del Raiger, 07350 Binissalem, Illes Balears",ChIJVQ4adXnBlxIRu39g7d-jF9A,https://www.fincadaltmurada.com/,https://maps.google.com/?cid=14994633666508914619&g_mp=Cidnb29nbGUubWFwcy5wbGFjZXMudjEuUGxhY2VzLlNlYXJjaFRleHQQAhgEIAA,,
hotel,Hostal San Francisco,4,127,Cala d'Or,"Av. Tagomago, 18, 07660 Cala d'Or, Illes Balears",ChIJqTrJm8RQlhIRtUEqBDQcrDE,https://hsanfranciscocalador.com/es/,https://maps.google.com/?cid=3579266813586457013&g_mp=Cidnb29nbGUubWFwcy5wbGFjZXMudjEuUGxhY2VzLlNlYXJjaFRleHQQAhgEIAA,,
hotel,Agroturisme Son Pons,4.7,125,Búger,"Ctra. Búger, 07311 Búger, Illes Balears",ChIJSV3LhxXOlxIRef4yYYLiuVc,http://www.sonpons.com/,https://maps.google.com/?cid=6321332601595559545&g_mp=Cidnb29nbGUubWFwcy5wbGFjZXMudjEuUGxhY2VzLlNlYXJjaFRleHQQAhgEIAA,,
hotel,Hotel Hoposa Daina,4.1,123,Port de Pollença,"Carrer Atilio Boveri, 2, 07470 Port de Pollença, Illes Balears",ChIJxVmJ0xHVlxIRv-N7XLB6oPc,https://www.hoposa.es/hotels/daina?utm_source=google&utm_medium=mybusiness&utm_campaign=boton,https://maps.google.com/?cid=17843396621526361023&g_mp=Cidnb29nbGUubWFwcy5wbGFjZXMudjEuUGxhY2VzLlNlYXJjaFRleHQQAhgEIAA,,
hotel,FINCA CAN GRAU,4.9,121,Sencelles,"Camí de Son Lluny, 07140, Illes Balears",ChIJqSTA8a_HlxIRxIP7Fm5IMeI,http://finca-cangrau.com.es/,https://maps.google.com/?cid=16298888164099720132&g_mp=Cidnb29nbGUubWFwcy5wbGFjZXMudjEuUGxhY2VzLlNlYXJjaFRleHQQAhgEIAA,,
hotel,Cas Cabo Nou Agroturisme,4.9,121,Manacor,"Crta. Manacor - Sant Llorenç Km.5 (rotonda) Cami Son Joi, parcela 610, Sant, 07530 Sant Llorenç des Cardassar, Illes Balears",ChIJ-7SThZJHlhIRD8-gLsoOpMw,https://www.cascabonou.com/de?utm_source=google&utm_medium=organic&utm_campaign=GMB&utm_content=cascabonou,https://maps.google.com/?cid=14745927341446319887&g_mp=Cidnb29nbGUubWFwcy5wbGFjZXMudjEuUGxhY2VzLlNlYXJjaFRleHQQAhgEIAA,,
hotel,Finca Sestelrica,4.7,121,Artà,"Camí de s'Estelrica s/n, 07570, Camí de Sestelrica, 07570, Illes Balears",ChIJge1DTLE-lhIRKQLdpdLG-rw,http://www.fincasestelrica.com/,https://maps.google.com/?cid=13617415031336272425&g_mp=Cidnb29nbGUubWFwcy5wbGFjZXMudjEuUGxhY2VzLlNlYXJjaFRleHQQAhgEIAA,,
hotel,"The Lodge Mallorca, member of Small Luxury Hotels",4.3,120,Pollença,"Vía de servicio a Pollensa Km1 Salida 37, Ma-13, 07420 Sa Pobla, Illes Balears",ChIJN_TytqXRlxIRE3ukhWkS45w,https://www.unicohotels.com/es/the-lodge-mallorca/?utm_source=google&utm_medium=organic&utm_campaign=google-my-business,https://maps.google.com/?cid=11304899734053092115&g_mp=Cidnb29nbGUubWFwcy5wbGFjZXMudjEuUGxhY2VzLlNlYXJjaFRleHQQAhgEIAA,,
hotel,Son Corb Boutique Hotel,4.5,119,Cala Bona,"Camino Punta Rotja, 07559 Son Servera, Illes Balears",ChIJB13GOj8_lhIR1PG9KwDJveg,http://www.soncorb.com/,https://maps.google.com/?cid=16770781589968646612&g_mp=Cidnb29nbGUubWFwcy5wbGFjZXMudjEuUGxhY2VzLlNlYXJjaFRleHQQAhgEIAA,,
hotel,Hotel Villa Singala,4.6,118,Port de Pollença,"Carrer del Far, 0, 07470 Port de Pollença, Illes Balears",ChIJAQp_MjLVlxIRCPbOMMSJ6Q0,https://www.hotelvillasingala.com/,https://maps.google.com/?cid=1002483867792111112&g_mp=Cidnb29nbGUubWFwcy5wbGFjZXMudjEuUGxhY2VzLlNlYXJjaFRleHQQAhgEIAA,,
hotel,Ca Sa Padrina Petit Hotel,4.8,116,Artà,"Carrer d'Es Convent, Numero 5, 07570 Artà, Illes Balears",ChIJR9rvvC09lhIRP2pX_nmOhoY,https://ca-padrina-petit-hotel.alojados.top/,https://maps.google.com/?cid=9693591902570900031&g_mp=Cidnb29nbGUubWFwcy5wbGFjZXMudjEuUGxhY2VzLlNlYXJjaFRleHQQAhgEIAA,,
hotel,Can Xim,4.5,113,Alaró,"Plaça de la Vila, 8, 07340 Alaró, Illes Balears",ChIJBWfiphzClxIRSY-fsY4xVrU,http://canxim.com/,https://maps.google.com/?cid=13066685857797214025&g_mp=Cidnb29nbGUubWFwcy5wbGFjZXMudjEuUGxhY2VzLlNlYXJjaFRleHQQAhgEIAA,,
hotel,Hotel Rural Es Migjorn,4.9,112,Campos,"Poligono 18, Parcela 477, Direccion 5,2km Campos-Colonia, 07630 Campos, Illes Balears",ChIJ9y4WouGtlxIRUmAWNGZ6vRg,http://www.hotel-migjorn.com/,https://maps.google.com/?cid=1782715606887718994&g_mp=Cidnb29nbGUubWFwcy5wbGFjZXMudjEuUGxhY2VzLlNlYXJjaFRleHQQAhgEIAA,,
hotel,Juz de Yartan Arthotel,5,108,Artà,"Carrer de Rafel Blanes, 27, 07570 Artà, Illes Balears",ChIJA8Mbg249lhIRSQQSKEDzCrI,https://www.yartanhotels.com/es/juz-yartan/,https://maps.google.com/?cid=12829333945394005065&g_mp=Cidnb29nbGUubWFwcy5wbGFjZXMudjEuUGxhY2VzLlNlYXJjaFRleHQQAhgEIAA,,
hotel,Agroturisme Ca'n Gaià,4.8,103,Portocolom,"Sexta Vuelta, 170, 07669 Portocolom, Illes Balears",ChIJ5zy2uTlQlhIRKrDNNgg0MhY,http://www.cangaia.com/,https://maps.google.com/?cid=1599398027553779754&g_mp=Cidnb29nbGUubWFwcy5wbGFjZXMudjEuUGxhY2VzLlNlYXJjaFRleHQQAhgEIAA,,
hotel,Hotel Can Tem,4.8,102,Alcúdia,"Carrer de l'Església, 14, 07400 Alcúdia, Illes Balears",ChIJW-uXKZ8slhIRBCbHHRuUukc,https://www.hotelcantem.com/?utm_source=google&utm_medium=mybusiness&utm_campaign=boton,https://maps.google.com/?cid=5168606366545683972&g_mp=Cidnb29nbGUubWFwcy5wbGFjZXMudjEuUGxhY2VzLlNlYXJjaFRleHQQAhgEIAA,,
hotel,Hotel Desbrull,4.7,102,Pollença,"Carrer del Marquès Desbrull, 7, 07460 Pollença, Illes Balears",ChIJP3Y1xqDWlxIRJ6YVeRozgfA,http://www.desbrull.com/,https://maps.google.com/?cid=17330189029892007463&g_mp=Cidnb29nbGUubWFwcy5wbGFjZXMudjEuUGxhY2VzLlNlYXJjaFRleHQQAhgEIAA,,
hotel,Fincahotel Los Naranjos,4.7,99,Palma,"Camí del Destre, 61, Nord, 07120 Palma, Illes Balears",ChIJzZDtwhvtlxIRAmIxeFMt0dw,https://los-naranjos.es/,https://maps.google.com/?cid=15911548794998710786&g_mp=Cidnb29nbGUubWFwcy5wbGFjZXMudjEuUGxhY2VzLlNlYXJjaFRleHQQAhgEIAA,,
hotel,Hostal Miramar,4.5,99,Deià,"Camí es Recó, 2, 07179 Deià, Illes Balears",ChIJyVbpzFLulxIRf8HnzuHsaak,https://www.hotelesfinder.com/hostal-miramar-deia/,https://maps.google.com/?cid=12207548719547531647&g_mp=Cidnb29nbGUubWFwcy5wbGFjZXMudjEuUGxhY2VzLlNlYXJjaFRleHQQAhgEIAA,,
hotel,Exe Portals Nous,4.2,98,Portals Nous,"Carrer Vaquer, 16, 07181 Portals Nous, Illes Balears",ChIJwcBvboGPlxIRXNnErqdHPCM,https://www.eurostarshotels.com/exe-portals-nous.html,https://maps.google.com/?cid=2538983075447363932&g_mp=Cidnb29nbGUubWFwcy5wbGFjZXMudjEuUGxhY2VzLlNlYXJjaFRleHQQAhgEIAA,,
hotel,Hotel Son Cosmet,4.9,92,Sa Ràpita,"Ctra. Campos-Sa Ràpita, 07630 Campos, Illes Balears",ChIJ3-V_50GulxIRi4MCMrV2ZFc,http://www.soncosmet.com/,https://maps.google.com/?cid=6297288699570979723&g_mp=Cidnb29nbGUubWFwcy5wbGFjZXMudjEuUGxhY2VzLlNlYXJjaFRleHQQAhgEIAA,,
hotel,Casal De Petra Rooms & Pool by My Rooms Hotels - Alojamiento,4.1,91,Manacor,"Carrer de Manacor, 63, 07520 Petra, Illes Balears",ChIJ8TTR0V41lhIRpyeUoQb9Xcg,https://www.myroomshotels.es/cp,https://maps.google.com/?cid=14437974185342150567&g_mp=Cidnb29nbGUubWFwcy5wbGFjZXMudjEuUGxhY2VzLlNlYXJjaFRleHQQAhgEIAA,,
hotel,SON BERNADINET,4.8,90,Campos,"Carretera Campos, Km 5,9, 07630 Porreres, Illes Balears",ChIJnZeCXR-ylxIR8vyimiocWZY,http://www.son-bernadinet.com/,https://maps.google.com/?cid=10833721347925015794&g_mp=Cidnb29nbGUubWFwcy5wbGFjZXMudjEuUGxhY2VzLlNlYXJjaFRleHQQAhgEIAA,,
hotel,Cas Ferrer Nou Hotelet,4.6,90,Alcúdia,"Carrer del Pou Nou, 1, 07400 Alcúdia, Illes Balears",ChIJiUNzJpwslhIRQ8Tefl2zRNA,http://www.nouhotelet.com/,https://maps.google.com/?cid=15007317072447194179&g_mp=Cidnb29nbGUubWFwcy5wbGFjZXMudjEuUGxhY2VzLlNlYXJjaFRleHQQAhgEIAA,,
hotel,"Rondaia Boutique Vineyard Stay – Mallorca, Tramuntana",4.9,80,Esporles,"Carr. de, km. 2, 1, 07190 S'Esgleieta, Illes Balears",ChIJPVDQIT3zlxIRlGuKgryJtzw,http://rondaia.com/,https://maps.google.com/?cid=4375117005750692756&g_mp=Cidnb29nbGUubWFwcy5wbGFjZXMudjEuUGxhY2VzLlNlYXJjaFRleHQQAhgEIAA,,
hotel,Finca Son Cladera,4.9,78,Alcúdia,"Carretera Palma-Alcudia Km. 41,4 Poligono 2 Parcela 93, 07420 Sa Pobla, Illes Balears",ChIJe--m7HXRlxIR_zAwe-g6DYk,http://www.fincasoncladera.com/,https://maps.google.com/?cid=9875614328066945279&g_mp=Cidnb29nbGUubWFwcy5wbGFjZXMudjEuUGxhY2VzLlNlYXJjaFRleHQQAhgEIAA,,
hotel,Agroturismo S´Hort de Can Carrió AG/226| Best-Rated,4.9,77,Ses Salines,"Carrer Cas Perets, 2, 07640 Ses Salines, Illes Balears",ChIJLVgH6GWrlxIR-v-gdtGjRIg,http://www.hotel-can-carrio.com/,https://maps.google.com/?cid=9819153207608279034&g_mp=Cidnb29nbGUubWFwcy5wbGFjZXMudjEuUGxhY2VzLlNlYXJjaFRleHQQAhgEIAA,,
hotel,Ca Sa Tieta,4.2,72,Alaró,"Carrer de Can Barbut, 2, 07340 Alaró, Illes Balears",ChIJb0HYJejDlxIRc1UcZpX29WQ,http://www.casatieta.com/,https://maps.google.com/?cid=7274991894610597235&g_mp=Cidnb29nbGUubWFwcy5wbGFjZXMudjEuUGxhY2VzLlNlYXJjaFRleHQQAhgEIAA,,
hotel,Marton Valldemossa Turismo de Interior,4.2,71,Valldemossa,"Carrer Rei Sanxo, 7, 07170 Valldemossa, Illes Balears",ChIJwYxf3APulxIRedFm6pOYcNI,https://martonvalldemossa.com/,https://maps.google.com/?cid=15163787706416681337&g_mp=Cidnb29nbGUubWFwcy5wbGFjZXMudjEuUGxhY2VzLlNlYXJjaFRleHQQAhgEIAA,,
hotel,HOTEL FINCA SON GENER,4.7,68,Son Servera,"Carretera, Ma-4031, Km. 3, 07550 Son Servera, Illes Balears",ChIJoeLugD8_lhIR4XydP7O1CNw,http://songener.com/,https://maps.google.com/?cid=15855122269628890337&g_mp=Cidnb29nbGUubWFwcy5wbGFjZXMudjEuUGxhY2VzLlNlYXJjaFRleHQQAhgEIAA,,
hotel,Hotel Gran Sol Mallorca,4.9,67,Cala Bona,"Passeig Maritim de Cala Bona, 4, 07559 Son Servera, Illes Balears",ChIJydkyLOM_lhIRzPLUbgjN4EI,https://hotelgransolmallorca.com-hotel.com/,https://maps.google.com/?cid=4819077037389312716&g_mp=Cidnb29nbGUubWFwcy5wbGFjZXMudjEuUGxhY2VzLlNlYXJjaFRleHQQAhgEIAA,,
hotel,Hotel Juma,4.5,66,Pollença,"Plaça Major, 9, 07460 Pollença, Illes Balears",ChIJw2xnkaDWlxIRbE5BgnT1y-U,http://www.pollensahotels.com/,https://maps.google.com/?cid=16558598335708089964&g_mp=Cidnb29nbGUubWFwcy5wbGFjZXMudjEuUGxhY2VzLlNlYXJjaFRleHQQAhgEIAA,,
hotel,Can Vidal Boutique Rooms,4.9,65,Inca,"Carrer de Can Vidal, 24, 07300 Inca, Illes Balears",ChIJU-J9TgTFlxIRKxAyLURYVyE,http://www.canvidalboutiquerooms.com/,https://maps.google.com/?cid=2402485976064725035&g_mp=Cidnb29nbGUubWFwcy5wbGFjZXMudjEuUGxhY2VzLlNlYXJjaFRleHQQAhgEIAA,,
hotel,Melongos,4.1,65,Inca,"Camí de Can Colom, sn, 07300 Inca, Illes Balears",ChIJj6VdvM3FlxIRFcHk7h5vOcU,http://www.melongos.com/,https://maps.google.com/?cid=14211512277791981845&g_mp=Cidnb29nbGUubWFwcy5wbGFjZXMudjEuUGxhY2VzLlNlYXJjaFRleHQQAhgEIAA,,
hotel,Apartamentos Azul Playa,4.4,62,Cala d'Or,"Av. Cala d'Or, 21, 07669 Cala Ferrera, Illes Balears",ChIJiZFb3OpQlhIRKepuGH3-Otc,https://www.azulplayaapartments.com/?utm_source=google&utm_medium=mybusiness&utm_campaign=boton,https://maps.google.com/?cid=15508988080038013481&g_mp=Cidnb29nbGUubWFwcy5wbGFjZXMudjEuUGxhY2VzLlNlYXJjaFRleHQQAhgEIAA,,
hotel,Finca Son Sala,4.7,60,Palma,"Ctra Palma- Porto Petro, KM 33, 07630 Campos, Illes Balears",ChIJkTRTdgiulxIRE-LLS11jV1k,http://www.fincasonsala.es/,https://maps.google.com/?cid=6437723444704174611&g_mp=Cidnb29nbGUubWFwcy5wbGFjZXMudjEuUGxhY2VzLlNlYXJjaFRleHQQAhgEIAA,,
hotel,Finca Can Carro,4.9,58,Campos,"Poligono 1 Parcela 121, 07630 Campos, Illes Balears",ChIJIfQACYOvlxIRjO-hzRp4CvQ,http://cancarro.es/,https://maps.google.com/?cid=17584999751535947660&g_mp=Cidnb29nbGUubWFwcy5wbGFjZXMudjEuUGxhY2VzLlNlYXJjaFRleHQQAhgEIAA,,
hotel,Finca Sa Cova Vella,4.8,58,Manacor,"Crta. Manacor a Colonia St. Pere km 3, 07500 Manacor, Illes Balears",ChIJyW831xo2lhIR9HAx_XeCwCM,http://www.fincasacova.com/,https://maps.google.com/?cid=2576202438716518644&g_mp=Cidnb29nbGUubWFwcy5wbGFjZXMudjEuUGxhY2VzLlNlYXJjaFRleHQQAhgEIAA,,
hotel,L´hostal- Hotel D´interior,4.4,57,Pollença,"Carrer del Mercat, 18, 07460 Pollença, Illes Balears",ChIJS7KsnKDWlxIRPAIRKvIGuMI,http://www.pollensahotels.com/,https://maps.google.com/?cid=14030972276230390332&g_mp=Cidnb29nbGUubWFwcy5wbGFjZXMudjEuUGxhY2VzLlNlYXJjaFRleHQQAhgEIAA,,
hotel,Finca Can Sec,4.6,56,Alaró,"07340 Alaró, Illes Balears",ChIJu454TQrElxIRxVD3Wq1NXpg,http://www.can-sec.com/,https://maps.google.com/?cid=10979298348526686405&g_mp=Cidnb29nbGUubWFwcy5wbGFjZXMudjEuUGxhY2VzLlNlYXJjaFRleHQQAhgEIAA,,
hotel,Mallorca Can Florit -Turismo Interior,4.4,56,Sencelles,"Carrer des Gall, 10, 07140 Sencelles, Illes Balears",ChIJFXh1AQjHlxIR3n15tU_6QQc,,https://maps.google.com/?cid=522974252005686750&g_mp=Cidnb29nbGUubWFwcy5wbGFjZXMudjEuUGxhY2VzLlNlYXJjaFRleHQQAhgEIAA,,
hotel,Universal Casa Marquesa,4.1,56,Colonia de Sant Jordi,"Av. Primavera, s/n, 07638 Colònia de Sant Jordi, Illes Balears",ChIJsR-JCAiplxIRC1qFpiFtV5M,https://www.universalbeachhotels.com/hoteles/universal-casa-marquesa?utm_source=google&utm_medium=organic&utm_campaign=GMB&utm_content=universalcasamarquesa,https://maps.google.com/?cid=10617074637844339211&g_mp=Cidnb29nbGUubWFwcy5wbGFjZXMudjEuUGxhY2VzLlNlYXJjaFRleHQQAhgEIAA,,
hotel,Hostalet Ca'n Pep,4.4,54,Alaró,"Carrer Metge Jaume Colom, 22, 07340 Alaró, Illes Balears",ChIJjRu3bhvClxIRkjkl7CQvB0M,,https://maps.google.com/?cid=4829880961005336978&g_mp=Cidnb29nbGUubWFwcy5wbGFjZXMudjEuUGxhY2VzLlNlYXJjaFRleHQQAhgEIAA,,
hotel,"Agroturisme Son Lladó, Agroturismo",4.8,52,Campos,"Ma-6031, km. 2, 300, 07630 Campos, Illes Balears",ChIJY8TTLISulxIROURgJ5czY34,http://www.agroturismesonllado.com/,https://maps.google.com/?cid=9107179595766973497&g_mp=Cidnb29nbGUubWFwcy5wbGFjZXMudjEuUGxhY2VzLlNlYXJjaFRleHQQAhgEIAA,,
hotel,HOTEL BINI,4.7,52,Porto Cristo,"Carrer d'En Sureda, 27, 07680 Porto Cristo, Illes Balears",ChIJk2fTheBHlhIR6bRel4bOeqc,http://www.hotelbini.com/,https://maps.google.com/?cid=12068185228953171177&g_mp=Cidnb29nbGUubWFwcy5wbGFjZXMudjEuUGxhY2VzLlNlYXJjaFRleHQQAhgEIAA,,
hotel,Sa Pletassa,4.8,48,S'Horta,"Camino Viejo, Carrer de Cala Marçal, 362, 07669 S'Horta, Illes Balears",ChIJ0w-vaLNRlhIRHbn6gx_glWc,https://www.sapletassa.com/,https://maps.google.com/?cid=7464118383399319837&g_mp=Cidnb29nbGUubWFwcy5wbGFjZXMudjEuUGxhY2VzLlNlYXJjaFRleHQQAhgEIAA,,
hotel,Finca Son Vivot - Agroturismo,4.6,45,Inca,"Camí De Son Vivot, 07300 Inca, Illes Balears",ChIJYYTaw6fPlxIRX3tzAyBuG1U,http://www.sonvivot.com/,https://maps.google.com/?cid=6132616401370970975&g_mp=Cidnb29nbGUubWFwcy5wbGFjZXMudjEuUGxhY2VzLlNlYXJjaFRleHQQAhgEIAA,,
hotel,Sa Franquesa Vella,4.7,43,Vilafranca de Bonany,"Ma-5110, 07250 Vilafranca de Bonany, Illes Balears",ChIJQRSBv59LlhIRFDLkiKLt7pc,https://www.vacalia.com/es/agroturismo-sa-franquesa-vella-vilafranca-de-bonany-h25127?ref=GPE,https://maps.google.com/?cid=10947949026521395732&g_mp=Cidnb29nbGUubWFwcy5wbGFjZXMudjEuUGxhY2VzLlNlYXJjaFRleHQQAhgEIAA,,
hotel,Villa Es Velar,4.8,42,Santanyí,"Poligono 2, Parcela 197, 07650 Santanyí, Illes Balears",ChIJkwgtW8vGlxIRZsKh39Zh3VI,http://www.finca-es-velar.com/,https://maps.google.com/?cid=5971036256465961574&g_mp=Cidnb29nbGUubWFwcy5wbGFjZXMudjEuUGxhY2VzLlNlYXJjaFRleHQQAhgEIAA,,
hotel,MOONTEN Boutique Stay,4.9,39,Sóller,"Carrer de Sant Joan, 10, 07100 Sóller, Illes Balears",ChIJldU6tb_olxIR94zAe-BCHRg,https://moontensoller.com/,https://maps.google.com/?cid=1737618563151203575&g_mp=Cidnb29nbGUubWFwcy5wbGFjZXMudjEuUGxhY2VzLlNlYXJjaFRleHQQAhgEIAA,,
hotel,Agroturisme Subies,5,37,Caimari,"Disseminat Poligono 13, 58, 07314 Caimari, Illes Balears",ChIJodU93EfFlxIRS2MtxvpwNYY,https://agroturismesubies.es/,https://maps.google.com/?cid=9670759997217006411&g_mp=Cidnb29nbGUubWFwcy5wbGFjZXMudjEuUGxhY2VzLlNlYXJjaFRleHQQAhgEIAA,,
hotel,Can Fressa Turismo de interior,5,35,Alaró,"Carrer d'Enmig, 1, 07340 Alaró, Illes Balears",ChIJd_qMqBrDlxIRATxsfYuS7j0,https://www.canfressa.es/,https://maps.google.com/?cid=4462665408573094913&g_mp=Cidnb29nbGUubWFwcy5wbGFjZXMudjEuUGxhY2VzLlNlYXJjaFRleHQQAhgEIAA,,
hotel,S'Hotelet de Santanyí,4.9,34,Santanyí,"Carrer d'en Simonet, 3, 07650 Santanyí, Illes Balears",ChIJ5fzw2IRUlhIRlztWXZXgefk,https://www.hoteletsantanyi.com/,https://maps.google.com/?cid=17976646319746726807&g_mp=Cidnb29nbGUubWFwcy5wbGFjZXMudjEuUGxhY2VzLlNlYXJjaFRleHQQAhgEIAA,,
hotel,Terreno Barrio Hotel,4.6,34,Palma,"Avinguda de Joan Miró, 73, Ponent, 07015 Palma, Illes Balears",ChIJc208rgySlxIRe8a6-JRdij8,http://www.terrenohotel.com/?utm_source=google&utm_medium=organic&utm_campaign=terreno-hotel-google-my-business,https://maps.google.com/?cid=4578574865585063547&g_mp=Cidnb29nbGUubWFwcy5wbGFjZXMudjEuUGxhY2VzLlNlYXJjaFRleHQQAhgEIAA,,
hotel,Repic Apartments Soller,4.8,33,Port de Sóller,"Plaza de Sa Torre, 6, 07100 Port de Sóller, Illes Balears",ChIJi1lgX3LllxIRQHd_DNSEcPo,https://www.repicapartments.es/,https://maps.google.com/?cid=18046069753151190848&g_mp=Cidnb29nbGUubWFwcy5wbGFjZXMudjEuUGxhY2VzLlNlYXJjaFRleHQQAhgEIAA,,
hotel,Lavendel Mallorca Apartments,4.8,33,Colonia de Sant Jordi,"Carrer Cervantes, 22, 07638 Colònia de Sant Jordi, Illes Balears",ChIJc_CONRiplxIRcZ9p3Uyx6v0,https://www.lavendelmallorca.com/es/?partner=8870utm_source=google&utm_medium=organic&utm_campaign=MyBusiness&utm,https://maps.google.com/?cid=18296631379836378993&g_mp=Cidnb29nbGUubWFwcy5wbGFjZXMudjEuUGxhY2VzLlNlYXJjaFRleHQQAhgEIAA,,
hotel,Ca'n Puig de Sòller,5,26,Sóller,"Carrer de Sa Mar, 20, 07100 Sóller, Illes Balears",ChIJ5deIlqHplxIRb4a7eFFODZI,https://www.canpuigdesoller.com/,https://maps.google.com/?cid=10524154016059590255&g_mp=Cidnb29nbGUubWFwcy5wbGFjZXMudjEuUGxhY2VzLlNlYXJjaFRleHQQAhgEIAA,,
hotel,CasaDesigual - Ferienappartement direkt am Meer,4.6,26,Porto Cristo,"Plaça del Carme, 13a, 07680 Porto Cristo, Illes Balears",ChIJ4ySCDMpGlhIRvphgGxIWHrM,http://www.casadesigual.com/,https://maps.google.com/?cid=12906777849114958014&g_mp=Cidnb29nbGUubWFwcy5wbGFjZXMudjEuUGxhY2VzLlNlYXJjaFRleHQQAhgEIAA,,
boat-rental,Jetfun Speedboat Adventure,4.9,247,Port d'Alcúdia,"Alcudiamar (Gate, 5, 07400 Port d'Alcúdia, Illes Balears",ChIJiRJDxEeTlxIR0yX9NmR8WqQ,https://jetfun.es/,https://maps.google.com/?cid=11842914939985274323&g_mp=Cidnb29nbGUubWFwcy5wbGFjZXMudjEuUGxhY2VzLlNlYXJjaFRleHQQAhgEIAA,,
boat-rental,NATURE BOAT PORTOCOLOM MALLORCA,4.9,209,Portocolom,"Carrer d'En Cristòfor Colom, 35, 07670 Portocolom, Illes Balears",ChIJlVIDxOtblhIRN9meSQISLYY,https://natureboatportocolom.com/,https://maps.google.com/?cid=9668403776068704567&g_mp=Cidnb29nbGUubWFwcy5wbGFjZXMudjEuUGxhY2VzLlNlYXJjaFRleHQQAhgEIAA,,
boat-rental,Bestboats Yachtcharter,4.3,181,Santa Ponça,"Carrer Platja, 07180 El Toro, Illes Balears",ChIJsb79aEeIlxIRb15Jtlf3eN4,http://www.bestboats-yachtcharter.com/,https://maps.google.com/?cid=16030834829717757551&g_mp=Cidnb29nbGUubWFwcy5wbGFjZXMudjEuUGxhY2VzLlNlYXJjaFRleHQQAhgEIAA,,
boat-rental,Sea Adventure,4.7,174,Port de Pollença,"s/n, 07470 Port de Pollença, Illes Balears",ChIJzW5VeATVlxIRO2usL2BKdrQ,https://www.sea-adventure.es/,https://maps.google.com/?cid=13003662751056030523&g_mp=Cidnb29nbGUubWFwcy5wbGFjZXMudjEuUGxhY2VzLlNlYXJjaFRleHQQAhgEIAA,,
boat-rental,Sea Riders,4.4,161,Cala d'Or,"Carrer d'en Perico Pomar, 07660 Cala d'Or, Illes Balears",ChIJ0xX3itlQlhIRXnbqHOKniTU,https://www.searidersweb.com/,https://maps.google.com/?cid=3857799145409115742&g_mp=Cidnb29nbGUubWFwcy5wbGFjZXMudjEuUGxhY2VzLlNlYXJjaFRleHQQAhgEIAA,,
boat-rental,Aventura IB Colonia de Sant Jordi,4.8,159,Colonia de Sant Jordi,"Carrer Gabriel Roca, 24, 07638 Colònia de Sant Jordi, Illes Balears",ChIJW1vU9VmTlxIRP4IwtZHF02E,http://www.aventuraib.com/,https://maps.google.com/?cid=7049195071365743167&g_mp=Cidnb29nbGUubWFwcy5wbGFjZXMudjEuUGxhY2VzLlNlYXJjaFRleHQQAhgEIAA,,
boat-rental,Dream Beach Rental Mallorca - Alquiler barcos,4.6,147,Can Picafort,"an der Escola de vela Club Nautica, Plaça Jaume I, 07458 Can Picafort, Illes Balears",ChIJP6P4F30zlhIRcmn_hIixue0,https://www.dreambeachmallorca.com/,https://maps.google.com/?cid=17129917857585391986&g_mp=Cidnb29nbGUubWFwcy5wbGFjZXMudjEuUGxhY2VzLlNlYXJjaFRleHQQAhgEIAA,,
boat-rental,BOATLAND PORTOCOLOM,4.1,147,Portocolom,"Carrer d'En Cristòfor Colom, 17, 07670 Portocolom, Illes Balears",ChIJ11SX2aFalhIRtrVHCKRlnL8,http://boatland.org/,https://maps.google.com/?cid=13807022312799057334&g_mp=Cidnb29nbGUubWFwcy5wbGFjZXMudjEuUGxhY2VzLlNlYXJjaFRleHQQAhgEIAA,,
boat-rental,Easy Boat,4.8,132,Cala Ratjada,"Muelle de Pescadores, s/n, 07590 Cala Rajada, Illes Balears",ChIJi7nrMvEWlhIRSr8mF2bjna8,http://easyboatbooking.es/,https://maps.google.com/?cid=12654520555595546442&g_mp=Cidnb29nbGUubWFwcy5wbGFjZXMudjEuUGxhY2VzLlNlYXJjaFRleHQQAhgEIAA,,
boat-rental,Mezzo Sailing,4.8,129,Port de Sóller,"Passeig Es Traves, 22, 07108 Port de Sóller, Illes Balears",ChIJTYJHY_vllxIRxv48r1XsfNQ,http://www.perfectcharter.com/,https://maps.google.com/?cid=15311372685909229254&g_mp=Cidnb29nbGUubWFwcy5wbGFjZXMudjEuUGxhY2VzLlNlYXJjaFRleHQQAhgEIAA,,
boat-rental,Cala Ratjada Boats (Misael Morate),4.3,116,Cala Ratjada,"Carrer Lepanto, 11, 07590 Cala Rajada, Illes Balears",ChIJl92O2PYWlhIRbhQosq2bK28,http://www.calaratjadaboats.com/,https://maps.google.com/?cid=8010667532529177710&g_mp=Cidnb29nbGUubWFwcy5wbGFjZXMudjEuUGxhY2VzLlNlYXJjaFRleHQQAhgEIAA,,
boat-rental,Portocolom Adventure Trips,4.8,111,Felanitx,"C. del Llevant, 101, 07670 Felanitx, Illes Balears",ChIJiRLlRBNblhIRDWDZHxfC8lk,http://www.portocolomadventuretrips.com/,https://maps.google.com/?cid=6481456218313941005&g_mp=Cidnb29nbGUubWFwcy5wbGFjZXMudjEuUGxhY2VzLlNlYXJjaFRleHQQAhgEIAA,,
boat-rental,Excursion Boat Es Port,4.6,100,Colonia de Sant Jordi,"Carrer Príncep, 12, 07638 Colònia de Sant Jordi, Illes Balears",ChIJlSipzweplxIRdyiTIRx_mRQ,http://excursionboat.es/,https://maps.google.com/?cid=1484357310994393207&g_mp=Cidnb29nbGUubWFwcy5wbGFjZXMudjEuUGxhY2VzLlNlYXJjaFRleHQQAhgEIAA,,
boat-rental,One Jetski Cala D’Or,4.8,91,Cala d'Or,"Avinguda de Cala Llonga, 07660 Cala d'Or, Illes Balears",ChIJ-8DNYp5RlhIRHC39ZhyQqNI,https://www.onejetskicalador.com/,https://maps.google.com/?cid=15179540995713608988&g_mp=Cidnb29nbGUubWFwcy5wbGFjZXMudjEuUGxhY2VzLlNlYXJjaFRleHQQAhgEIAA,,
boat-rental,LIFE & SEA PUERTO COLONIA,4.8,87,Colonia de Sant Jordi,"Carrer Gabriel Roca, s/n, 07638 Colònia de Sant Jordi, Illes Balears",ChIJkbyRE-mplxIRfEqKIzuXYCA,https://estrencboat.com/,https://maps.google.com/?cid=2333030887233047164&g_mp=Cidnb29nbGUubWFwcy5wbGFjZXMudjEuUGxhY2VzLlNlYXJjaFRleHQQAhgEIAA,,
boat-rental,Colonia Boat Charter,4.4,72,Colonia de Sant Jordi,"Carrer Gabriel Roca, 18, 07638 Colònia de Sant Jordi, Illes Balears",ChIJOd7586KplxIRzaKqf7e0qXM,http://www.coloniaboatcharter.com/,https://maps.google.com/?cid=8334391285639717581&g_mp=Cidnb29nbGUubWFwcy5wbGFjZXMudjEuUGxhY2VzLlNlYXJjaFRleHQQAhgEIAA,,
boat-rental,BOAT EXPERIENCES CALA RATJADA-ALQUILER DE BARCOS SIN LICENCIA Y CON LICENCIA,4,71,Cala Ratjada,"Carrer Joan March, 1, 07590 Cala Rajada, Illes Balears",ChIJXcCaBwoXlhIRYHZi0zan2RM,https://www.calaratjadaapartments.com/es/6083/Boat-Experiences/-,https://maps.google.com/?cid=1430358210583361120&g_mp=Cidnb29nbGUubWFwcy5wbGFjZXMudjEuUGxhY2VzLlNlYXJjaFRleHQQAhgEIAA,,
boat-rental,Sails Up Mallorca,5,70,Port de Sóller,"Carrer de la Marina, 07108 Port de Sóller, Illes Balears",ChIJL2w0MMDllxIRs1bOWrY9ohM,https://www.sailsupcharter.com/,https://maps.google.com/?cid=1414761086364571315&g_mp=Cidnb29nbGUubWFwcy5wbGFjZXMudjEuUGxhY2VzLlNlYXJjaFRleHQQAhgEIAA,,
boat-rental,Real Yacht Charter,4.6,67,Palma,"Ponent, 07015 Sant Agustí, Illes Balears",ChIJewfkt-iNlxIRBw9SxMK9Ydc,https://www.realyachtcharter.com/,https://maps.google.com/?cid=15519894435110457095&g_mp=Cidnb29nbGUubWFwcy5wbGFjZXMudjEuUGxhY2VzLlNlYXJjaFRleHQQAhgEIAA,,
boat-rental,Balearic Islands Charters - Dream Yacht Worldwide,4.3,66,Palma,"Marina Naviera Balear, Avinguda de Gabriel Roca, s/n, Ponent, 07014 Palma, Illes Balears",ChIJKQgl78WNlxIRdxO7Zaz8URo,https://www.dreamyachtcharter.com/destination/balearic-islands/?source=google&medium=organic&campaign=gbp,https://maps.google.com/?cid=1896574735471022967&g_mp=Cidnb29nbGUubWFwcy5wbGFjZXMudjEuUGxhY2VzLlNlYXJjaFRleHQQAhgEIAA,,
boat-rental,NKV EXCURSIONS,4.9,57,Alcúdia,"Carretera d'Artà, 1, 07400 Alcúdia, Illes Balears",ChIJtSsxtUstlhIRlu0gSWQTL_Q,https://www.instagram.com/nkv_excursiones/,https://maps.google.com/?cid=17595303590604369302&g_mp=Cidnb29nbGUubWFwcy5wbGFjZXMudjEuUGxhY2VzLlNlYXJjaFRleHQQAhgEIAA,,
boat-rental,DC Royal Charter Mallorca,4.3,56,Palma,"Passeig Cala Gamba, 34, Platja de Palma i Pla de Sant Jordi, 07007 Palma, Illes Balears",ChIJ3xLCcPiTlxIR18G82zn2gxs,https://www.royalchartermallorca.com/,https://maps.google.com/?cid=1982698989333299671&g_mp=Cidnb29nbGUubWFwcy5wbGFjZXMudjEuUGxhY2VzLlNlYXJjaFRleHQQAhgEIAA,,
boat-rental,Boat Formentor,4.7,55,Port de Pollença,"B.R.F.Office, BOX N.11, PortsIB between the port parking and the Restaurant STAY, 30 metres before reaching the restaurant, 07470 Port de Pollença, Illes Balears",ChIJh4mbwmHPlxIRk8d7PF5Rvbo,http://www.boatrentalformentor.com/,https://maps.google.com/?cid=13456000726836430739&g_mp=Cidnb29nbGUubWFwcy5wbGFjZXMudjEuUGxhY2VzLlNlYXJjaFRleHQQAhgEIAA,,
boat-rental,Nautic Adventure,4.8,53,Palma,"Marina Palma Cuarentena, Avinguda de Gabriel Roca, S/N, amarre 64, Ponent, 07014 Palma, Illes Balears",ChIJA68UeHGSlxIRf2HFHBYkcWo,https://nauticadventure.com/,https://maps.google.com/?cid=7669951317779243391&g_mp=Cidnb29nbGUubWFwcy5wbGFjZXMudjEuUGxhY2VzLlNlYXJjaFRleHQQAhgEIAA,,
boat-rental,Sailing Trips Mallorca,4.9,52,Palma,"Marina Palma Cuarentena. Amarre 41, Frente al Parque Cuarentena, Avinguda de Gabriel Roca, S/N, Ponent, 07014 Palma, Illes Balears",ChIJ7wlGr12UlxIRGDpv2O2Lgd0,https://sailingtripsmallorca.com/,https://maps.google.com/?cid=15961192408032426520&g_mp=Cidnb29nbGUubWFwcy5wbGFjZXMudjEuUGxhY2VzLlNlYXJjaFRleHQQAhgEIAA,,
boat-rental,Saltytours - Boat Charter Tour,5,48,Palma,"El Terreno, Ponent, 07014 Palma, Illes Balears",ChIJeX7XFgCTlxIRss9rL_13e3U,http://www.saltytours.es/,https://maps.google.com/?cid=8465491853879005106&g_mp=Cidnb29nbGUubWFwcy5wbGFjZXMudjEuUGxhY2VzLlNlYXJjaFRleHQQAhgEIAA,,
boat-rental,Toymaster,4.8,48,Cala Ratjada,"Port of, 07590 Cala Rajada, Illes Balears",ChIJVZMFtaoXlhIR64hebyMFDqE,https://www.toymaster.eu/en/rental,https://maps.google.com/?cid=11605218939530807531&g_mp=Cidnb29nbGUubWFwcy5wbGFjZXMudjEuUGxhY2VzLlNlYXJjaFRleHQQAhgEIAA,,
boat-rental,Mar Balear Fishing Adventures,4.4,48,Cala d'Or,"Marina de, Amarre J78, 07660 Cala d'Or, Illes Balears",ChIJj8Zqb1hRlhIRWdW2f9rCjtc,http://www.mar-balear.com/,https://maps.google.com/?cid=15532566408548767065&g_mp=Cidnb29nbGUubWFwcy5wbGFjZXMudjEuUGxhY2VzLlNlYXJjaFRleHQQAhgEIAA,,
boat-rental,PX BOATS,4.1,47,Palma,"Carrer de Virgili, 27, Platja de Palma i Pla de Sant Jordi, 07610 Palma, Illes Balears",ChIJJ6Q190eWlxIR0ZYWGw9dV7Q,http://pxboats.com/,https://maps.google.com/?cid=12994957569261213393&g_mp=Cidnb29nbGUubWFwcy5wbGFjZXMudjEuUGxhY2VzLlNlYXJjaFRleHQQAhgEIAA,,
boat-rental,TURQUESA BOATS,4.9,45,Palma,"Avinguda de Joan Miró, 327, Ponent, 07015 Sant Agustí, Illes Balears",ChIJsUo5C-2NlxIRBgV7dXk964w,,https://maps.google.com/?cid=10154277376708248838&g_mp=Cidnb29nbGUubWFwcy5wbGFjZXMudjEuUGxhY2VzLlNlYXJjaFRleHQQAhgEIAA,,
boat-rental,Boat Rental Palma,4.3,44,Palma,"Club de Mar-Mallorca, Muelle Pelaires s/n, 07015 Palma, Illes Balears",ChIJ4wcQsmOTlxIR-CQZhekDOmc,http://www.boatrentalpalma.com/,https://maps.google.com/?cid=7438262036051076344&g_mp=Cidnb29nbGUubWFwcy5wbGFjZXMudjEuUGxhY2VzLlNlYXJjaFRleHQQAhgEIAA,,
boat-rental,"NEPTUNO BOATS, Charter, Alquiler y Venta de embarcaciones",5,43,Port d'Andratx,"Carrer dels Cavalls, 4, 07157 Port d'Andratx, Illes Balears",ChIJixsD1WohmBIRdogvDMBSRwA,,https://maps.google.com/?cid=20075708138096758&g_mp=Cidnb29nbGUubWFwcy5wbGFjZXMudjEuUGxhY2VzLlNlYXJjaFRleHQQAhgEIAA,,
boat-rental,Ocean Dreams Charter Mallorca,4.7,42,Santa Ponça,"Port Adriano Village, Carrer Gran Via, 22, Local 1A, 07180 El Toro, Illes Balears",ChIJMwW-WNaJlxIRBPtQqlAvfDc,https://www.oceandreamsmallorca.com/,https://maps.google.com/?cid=3998122592699480836&g_mp=Cidnb29nbGUubWFwcy5wbGFjZXMudjEuUGxhY2VzLlNlYXJjaFRleHQQAhgEIAA,,
boat-rental,Rent a boat Alquiler de Embarcaciones Jet Ski Mallorca,4.4,41,Portocolom,"calle pescadores, 17, 07670 Portocolom, Illes Balears",ChIJKXyiygZ9VA4RhUWhgSzSG-0,https://www.summerboatportocolom.com/,https://maps.google.com/?cid=17085480699955332485&g_mp=Cidnb29nbGUubWFwcy5wbGFjZXMudjEuUGxhY2VzLlNlYXJjaFRleHQQAhgEIAA,,
boat-rental,EasyCharter.es,5,40,Portals Nous,"Carrer Benito Jerónimo Feijóo, 11, 07181 Portals Nous, Illes Balears",ChIJS4f3V9mPlxIRiMhNFlvPKIw,https://www.easycharter.es/,https://maps.google.com/?cid=10099550154501507208&g_mp=Cidnb29nbGUubWFwcy5wbGFjZXMudjEuUGxhY2VzLlNlYXJjaFRleHQQAhgEIAA,,
boat-rental,Luxury boat Mallorca,5,38,Palma,"Carrer de Can Calafat, 35, local 19, Platja de Palma i Pla de Sant Jordi, 07199 Palma, Illes Balears",ChIJiUS7-wqXlxIRs-T0Mn4U0QQ,,https://maps.google.com/?cid=347081178537583795&g_mp=Cidnb29nbGUubWFwcy5wbGFjZXMudjEuUGxhY2VzLlNlYXJjaFRleHQQAhgEIAA,,
boat-rental,Atlantis Charters boats,5,37,Port de Pollença,"W36Q+CH6, 07470 Port de Pollença, Illes Balears",ChIJEb5yySTVlxIRrYFhUfnONe8,https://www.atlantischarter.com/,https://maps.google.com/?cid=17236910719037964717&g_mp=Cidnb29nbGUubWFwcy5wbGFjZXMudjEuUGxhY2VzLlNlYXJjaFRleHQQAhgEIAA,,
boat-rental,DreamBeachRentalMallorca Port de Pollenca,4.9,36,Port de Pollença,"Carrer del Port, s/n, 07470 Port de Pollença, Illes Balears",ChIJjQZJZgDVlxIRtOlxHAvD350,http://dreambeachmallorca.com/,https://maps.google.com/?cid=11376025636250446260&g_mp=Cidnb29nbGUubWFwcy5wbGFjZXMudjEuUGxhY2VzLlNlYXJjaFRleHQQAhgEIAA,,
boat-rental,Sedy Boats. Alquiler de lanchas. Alquiler de barcos sin licencia.,4.3,35,Santa Ponça,"Port Adriano, Carrer Platja, 07180 El Toro, Illes Balears",ChIJcX41SgyJlxIRH4Bhws4kCKo,https://sedyboat.com/,https://maps.google.com/?cid=12252083256704466975&g_mp=Cidnb29nbGUubWFwcy5wbGFjZXMudjEuUGxhY2VzLlNlYXJjaFRleHQQAhgEIAA,,
boat-rental,Capalina,4.1,34,Cala d'Or,"Avinguda de Cala Llonga, 07660 Cala d'Or, Illes Balears",ChIJm0bxtaVRlhIRaRwtcTqamfc,,https://maps.google.com/?cid=17841460974602493033&g_mp=Cidnb29nbGUubWFwcy5wbGFjZXMudjEuUGxhY2VzLlNlYXJjaFRleHQQAhgEIAA,,
boat-rental,Palma Boats,4.8,33,Palma,"Club de Mar s/n, Muelle Pelaires, 07015 Palma, Illes Balears",ChIJQSqvLwmSlxIRi19_EiaRKK0,http://www.palma-boats.com/,https://maps.google.com/?cid=12477382360335081355&g_mp=Cidnb29nbGUubWFwcy5wbGFjZXMudjEuUGxhY2VzLlNlYXJjaFRleHQQAhgEIAA,,
boat-rental,calas de mallorca charter,4.5,32,Cala d'Or,"Carrer Boulevard d'Or, 07691 Cala d'Or, Illes Balears",ChIJoWEPc51RlhIRAVtHzIQ82UQ,https://www.calasdemallorcacharter.com/,https://maps.google.com/?cid=4961063005585890049&g_mp=Cidnb29nbGUubWFwcy5wbGFjZXMudjEuUGxhY2VzLlNlYXJjaFRleHQQAhgEIAA,,
boat-rental,Prima Boats,5,31,Port d'Andratx,"Avinguda s'Almudaina, 8, 07157 Port d'Andratx, Illes Balears",ChIJjdYvUkUhmBIR2rKOEsLTTrs,http://primaboats.com/,https://maps.google.com/?cid=13496957963764413146&g_mp=Cidnb29nbGUubWFwcy5wbGFjZXMudjEuUGxhY2VzLlNlYXJjaFRleHQQAhgEIAA,,
boat-rental,Forty Two Boats Mallorca & Ibiza,5,31,Portals Nous,"Carrer Capitania, 07181 Portals Nous, Illes Balears",ChIJ7Vi1RtKPlxIRCd0MV9WUDfM,https://www.fortytwoboats.com/,https://maps.google.com/?cid=17513818169923132681&g_mp=Cidnb29nbGUubWFwcy5wbGFjZXMudjEuUGxhY2VzLlNlYXJjaFRleHQQAhgEIAA,,
boat-rental,Godewind Charter Sail&Fun - Alquiler de veleros,4.9,31,Cala d'Or,"Puerto Deportivo, s/n, 07660 Cala d'Or, Illes Balears",ChIJ7eGa8yVRlhIRY--SbtkLono,,https://maps.google.com/?cid=8836638447345266531&g_mp=Cidnb29nbGUubWFwcy5wbGFjZXMudjEuUGxhY2VzLlNlYXJjaFRleHQQAhgEIAA,,
boat-rental,Pollentia Charter – Alquiler de barco en Mallorca,5,30,Port de Pollença,"Club náutico, 07470 Port de Pollença, Illes Balears",ChIJIRu5a_3VlxIRRgYm0Hte8NI,https://www.pollentiacharters.com/,https://maps.google.com/?cid=15199752628241565254&g_mp=Cidnb29nbGUubWFwcy5wbGFjZXMudjEuUGxhY2VzLlNlYXJjaFRleHQQAhgEIAA,,
boat-rental,Aloha Vibes,5,29,Cala d'Or,"Marina, Avenge de, J7, Avinguda de Cala Llonga, 07660 Cala d'Or, Illes Balears",ChIJtb2Lv3BRlhIRiiFXyLWE6YI,https://www.alohavibes.es/,https://maps.google.com/?cid=9433216810789314954&g_mp=Cidnb29nbGUubWFwcy5wbGFjZXMudjEuUGxhY2VzLlNlYXJjaFRleHQQAhgEIAA,,
boat-rental,Rental Boats and Private Tours with captain | Charter no license and license,4.8,29,Port d'Andratx,"Av. Mateo Bosch, 29, 1º amarre, 07157 Port d'Andratx, Illes Balears",ChIJMcV95XUhmBIRhGFur3_0cBE,https://sinrumbomallorca.com/,https://maps.google.com/?cid=1256773125277639044&g_mp=Cidnb29nbGUubWFwcy5wbGFjZXMudjEuUGxhY2VzLlNlYXJjaFRleHQQAhgEIAA,,
boat-rental,Portocolom Yachting,4.1,29,Portocolom,"Carrer de La Marina, 103A, 07670 Portocolom, Illes Balears",ChIJlTGHBqFalhIRAY3vXtINcqY,http://www.fiveseasonsyachting.com/,https://maps.google.com/?cid=11993663954828102913&g_mp=Cidnb29nbGUubWFwcy5wbGFjZXMudjEuUGxhY2VzLlNlYXJjaFRleHQQAhgEIAA,,
boat-rental,"Easyboats | Mallorca Yacht Charter, Sales, Management & Refit",4.8,27,Port d'Andratx,"Carrer de Isaac Peral, 07157 Port d'Andratx, Illes Balears",ChIJO16-k6wmmBIRuM2WshnwcrQ,https://www.easyboats.com/,https://maps.google.com/?cid=13002719067333119416&g_mp=Cidnb29nbGUubWFwcy5wbGFjZXMudjEuUGxhY2VzLlNlYXJjaFRleHQQAhgEIAA,,
boat-rental,Na Pesqueta Charters,4.1,27,Portocolom,"Calle Pescadores, 17, 07670 Portocolom, Illes Balears",ChIJTdeqQytRlhIRTP5em5zrytk,https://napesqueta.com/,https://maps.google.com/?cid=15693614909380034124&g_mp=Cidnb29nbGUubWFwcy5wbGFjZXMudjEuUGxhY2VzLlNlYXJjaFRleHQQAhgEIAA,,
boat-rental,Mestral Charter S.L.,4.7,24,Portocolom,"Carrer dels Pescadors, 17, 07670 Portocolom, Illes Balears",ChIJqablCKFalhIRBmOWE4t-SIg,,https://maps.google.com/?cid=9820238123275543302&g_mp=Cidnb29nbGUubWFwcy5wbGFjZXMudjEuUGxhY2VzLlNlYXJjaFRleHQQAhgEIAA,,
boat-rental,Llaüts Mar i Cel,5,22,Colonia de Sant Jordi,"Muelle de carga, 07638 Colònia de Sant Jordi, Illes Balears",ChIJFZVK9EWplxIRRsP2-sJBv78,https://llautsmaricel.com/,https://maps.google.com/?cid=13816834487485907782&g_mp=Cidnb29nbGUubWFwcy5wbGFjZXMudjEuUGxhY2VzLlNlYXJjaFRleHQQAhgEIAA,,
boat-rental,SeaTime Mallorca - Alquiler Barcos Mallorca,5,22,Palma,"Passatge III Carrer del Moll, 9, Centre, 07012 Palma, Illes Balears",ChIJC83PBgCTlxIRpD2IVIWVsW4,https://seatimemallorca.com/,https://maps.google.com/?cid=7976320814931262884&g_mp=Cidnb29nbGUubWFwcy5wbGFjZXMudjEuUGxhY2VzLlNlYXJjaFRleHQQAhgEIAA,,
boat-rental,Pepes Charter - Boat tours,4.8,22,Palma,"Passeig Marítim, 07014 Palma, Illes Balears",ChIJCbImeASTlxIRAFcOMjvuEE8,https://www.pepescharter.com/,https://maps.google.com/?cid=5697315466633959168&g_mp=Cidnb29nbGUubWFwcy5wbGFjZXMudjEuUGxhY2VzLlNlYXJjaFRleHQQAhgEIAA,,
boat-rental,"Online Charter - Yachtcharter auf Mallorca für Gruppen, Events und Incentives",4.9,21,Andratx,"Carrer Balandre, 1, 07157 Andratx, Illes Balears",ChIJ1fxZJlIhmBIRG7LlFYrf6AA,https://www.online-charter.com/,https://maps.google.com/?cid=65547978762727963&g_mp=Cidnb29nbGUubWFwcy5wbGFjZXMudjEuUGxhY2VzLlNlYXJjaFRleHQQAhgEIAA,,
boat-rental,Mallorsea,5,20,Palma,"Pg. de Mallorca, 34, Centre, 07012 Palma, Illes Balears",ChIJpwbwKZqTlxIRULcpNjfhgAc,https://mallorsea.com/,https://maps.google.com/?cid=540679582532613968&g_mp=Cidnb29nbGUubWFwcy5wbGFjZXMudjEuUGxhY2VzLlNlYXJjaFRleHQQAhgEIAA,,
boat-rental,Prime Boat Tours Alcudia,5,19,Alcúdia,"Pantalán 3, Alcudiamar, Puerto Deportivo, 07400 Alcúdia, Illes Balears",ChIJn_UnTuktlhIRGdG3dVeIozc,,https://maps.google.com/?cid=4009198002508386585&g_mp=Cidnb29nbGUubWFwcy5wbGFjZXMudjEuUGxhY2VzLlNlYXJjaFRleHQQAhgEIAA,,
boat-rental,Pacific charters mallorca,5,18,Palma,"Carrer del Vicari Joaquim Fuster, 96, Platja de Palma i Pla de Sant Jordi, 07006 Palma, Illes Balears",ChIJM6hvk_GTlxIR6vgscaJnc08,http://www.pacificmallorca.com/,https://maps.google.com/?cid=5725033498699167978&g_mp=Cidnb29nbGUubWFwcy5wbGFjZXMudjEuUGxhY2VzLlNlYXJjaFRleHQQAhgEIAA,,
boat-rental,Yachts & Sailing Mallorca | Yacht Charter & Alquiler de Yates,5,18,Palma,"Costa de Can Santacília, 3 ático, Centre, 07001 Palma, Illes Balears",ChIJDQi7ahy2gk8RL1R95fxM6BE,https://www.yachtsandsailingmallorca.com/,https://maps.google.com/?cid=1290365942307312687&g_mp=Cidnb29nbGUubWFwcy5wbGFjZXMudjEuUGxhY2VzLlNlYXJjaFRleHQQAhgEIAA,,
boat-rental,Mallorca Rent and Sail,4.9,17,Port d'Alcúdia,"Puerto Deportivo Alcudiamar s/n, Pantalan 2-3, 07400 Port d'Alcúdia, Illes Balears",ChIJY0oAto4tlhIRSCCojwCkpZ8,https://mallorcarentandsail.com/,https://maps.google.com/?cid=11503781145504915528&g_mp=Cidnb29nbGUubWFwcy5wbGFjZXMudjEuUGxhY2VzLlNlYXJjaFRleHQQAhgEIAA,,
boat-rental,Excursion Boat,4.8,16,Colonia de Sant Jordi,"07638 Ses Salines, Illes Balears",ChIJHyOmlqmplxIR6B2e9fnDX5o,https://www.excursionboat.es/,https://maps.google.com/?cid=11123825082963467752&g_mp=Cidnb29nbGUubWFwcy5wbGFjZXMudjEuUGxhY2VzLlNlYXJjaFRleHQQAhgEIAA,,
boat-rental,Boliche Boats,5,15,Port d'Andratx,"Avinguda de Gabriel Roca i Garcías, 07157 Port d'Andratx, Illes Balears",ChIJUQKOulghmBIRzeDE0Bz-140,http://www.bolicheboats.com/,https://maps.google.com/?cid=10220917279055732941&g_mp=Cidnb29nbGUubWFwcy5wbGFjZXMudjEuUGxhY2VzLlNlYXJjaFRleHQQAhgEIAA,,
boat-rental,Charters Llevant,5,15,Porto Cristo,"Carrer de la Vela, 29, 07680 Porto Cristo, Illes Balears",ChIJhzS0KgJHlhIRFqsWGKed-38,https://www.chartersllevant.com/,https://maps.google.com/?cid=9222138002960460566&g_mp=Cidnb29nbGUubWFwcy5wbGFjZXMudjEuUGxhY2VzLlNlYXJjaFRleHQQAhgEIAA,,
boat-rental,Thalassa Philosophy,4.9,15,Port de Pollença,"Carrer del Port, 15, 07470 Port de Pollença, Illes Balears",ChIJ3XWg20LVlxIRBpA1wlB56Sw,https://thalassaphilosophy.com/,https://maps.google.com/?cid=3236251195005046790&g_mp=Cidnb29nbGUubWFwcy5wbGFjZXMudjEuUGxhY2VzLlNlYXJjaFRleHQQAhgEIAA,,
boat-rental,TheBlueIguana Barcos Charter,5,14,Portals Nous,"GHJ9+4Q7, 07181 Portals Nous, Illes Balears",ChIJK-jJ3ESPlxIRhAjUanoYGlM,https://www.theblueiguana.pro/,https://maps.google.com/?cid=5988125568599853188&g_mp=Cidnb29nbGUubWFwcy5wbGFjZXMudjEuUGxhY2VzLlNlYXJjaFRleHQQAhgEIAA,,
boat-rental,BOOK ME BOATS,4,14,Cala Ratjada,"Club náutico, 07590 Cala Rajada, Illes Balears",ChIJUx7SAuoXlhIRuBHyee--tcU,,https://maps.google.com/?cid=14246502932008800696&g_mp=Cidnb29nbGUubWFwcy5wbGFjZXMudjEuUGxhY2VzLlNlYXJjaFRleHQQAhgEIAA,,
boat-rental,Sail & Protect,5,13,Portals Nous,"Carrer Capitania, 07181 Portals Nous, Illes Balears",ChIJ4YvDdjmPlxIROxP6D4lmDVU,https://sailandprotect.com/,https://maps.google.com/?cid=6128667406785712955&g_mp=Cidnb29nbGUubWFwcy5wbGFjZXMudjEuUGxhY2VzLlNlYXJjaFRleHQQAhgEIAA,,
boat-rental,TinaSailAwayCharters,4.6,13,Port de Pollença,"Reial Club Nàutic, Muelle viejo, 07470 Port de Pollença, Illes Balears",ChIJ4bK-K_jVlxIRELYNwpGdeDg,http://tinasailawaycharters.com/,https://maps.google.com/?cid=4069175512680740368&g_mp=Cidnb29nbGUubWFwcy5wbGFjZXMudjEuUGxhY2VzLlNlYXJjaFRleHQQAhgEIAA,,
boat-rental,Go Charter Mallorca,5,12,Puerto Portals,"Puerto Portals, Local 75, 07181 Portals Nous, Illes Balears",ChIJbTNrnzePlxIR39XcSEoBCv0,http://www.gochartermallorca.com/,https://maps.google.com/?cid=18233387459924514271&g_mp=Cidnb29nbGUubWFwcy5wbGFjZXMudjEuUGxhY2VzLlNlYXJjaFRleHQQAhgEIAA,,
boat-rental,Costalice Trip,4.7,12,Port de Pollença,"Passeig Saralegui, 26, 07470 Port de Pollença, Illes Balears",ChIJiz1fEiTVlxIR_4PEFzkjrC8,https://costalice.com/,https://maps.google.com/?cid=3435159343895708671&g_mp=Cidnb29nbGUubWFwcy5wbGFjZXMudjEuUGxhY2VzLlNlYXJjaFRleHQQAhgEIAA,,
boat-rental,Mallorcanautic,4.5,12,Palma,"Avinguda de Gabriel Roca, 16, Ponent, 07014 Palma, Illes Balears",ChIJn0GBhHGSlxIRF8CCsI55t2I,http://mallorcanautic.com/?utm_source=gmb&utm_medium=organic&utm_campaign=google-my-business,https://maps.google.com/?cid=7113287790208663575&g_mp=Cidnb29nbGUubWFwcy5wbGFjZXMudjEuUGxhY2VzLlNlYXJjaFRleHQQAhgEIAA,,
boat-rental,Mallorca from the sea charter,5,11,Port d'Andratx,"Carrer Zorrilla, 07157 Port d'Andratx, Illes Balears",ChIJn5EzaCaTlxIR7UOPUC6-nC4,http://mallorcafromthesea.com/,https://maps.google.com/?cid=3358768528240886765&g_mp=Cidnb29nbGUubWFwcy5wbGFjZXMudjEuUGxhY2VzLlNlYXJjaFRleHQQAhgEIAA,,
boat-rental,Menorquina Trips Boat Rental Alcudia,5,11,Port d'Alcúdia,"Passeig Marítim, 07400 Port d'Alcúdia, Illes Balears",ChIJVbI8uKUtlhIRDc4jtWciklg,https://menorquinatrips.com/,https://maps.google.com/?cid=6382201450753412621&g_mp=Cidnb29nbGUubWFwcy5wbGFjZXMudjEuUGxhY2VzLlNlYXJjaFRleHQQAhgEIAA,,
boat-rental,Hoxton Charters,5,10,Puerto Portals,"Puerto Portals Marina, C./Alta, 2-4-6, 07181 Mallorca, Illes Balears",ChIJgVNGEVcWJmwRDXHT-0uqhJ0,https://hoxtoncharters.com/,https://maps.google.com/?cid=11350384204204699917&g_mp=Cidnb29nbGUubWFwcy5wbGFjZXMudjEuUGxhY2VzLlNlYXJjaFRleHQQAhgEIAA,,
beach-club,5illes BEACH&SUNSET (PLAYA),4.1,2438,Colonia de Sant Jordi,"PLATJA DE S'ESTANY, 07638 Colònia de Sant Jordi, Illes Balears",ChIJM7UrxQaplxIRjzxAKLPbH_g,https://5illesmallorca.com/restaurante-en-la-playa/,https://maps.google.com/?cid=17879250608205085839&g_mp=Cidnb29nbGUubWFwcy5wbGFjZXMudjEuUGxhY2VzLlNlYXJjaFRleHQQAhgEIAA,,
beach-club,Il chiringo sunset,4.3,2080,Costa de la Calma,"Carrer ZV Palmeras, s/n, 07183, Illes Balears",ChIJ29U4X-eJlxIRTKVPuDnWfHo,http://ilchiringo.com/,https://maps.google.com/?cid=8826164913133036876&g_mp=Cidnb29nbGUubWFwcy5wbGFjZXMudjEuUGxhY2VzLlNlYXJjaFRleHQQAhgEIAA,,
beach-club,Bar Playa,4.5,1756,Cala Bona,"Av. del Pinar, 2A, 07559 Son Servera, Illes Balears",ChIJgYK9KMk_lhIRkHsJ98YPFhs,,https://maps.google.com/?cid=1951764835734223760&g_mp=Cidnb29nbGUubWFwcy5wbGFjZXMudjEuUGxhY2VzLlNlYXJjaFRleHQQAhgEIAA,,
beach-club,Chiringuito sillot,4.7,966,S'Illot,"Carrer del Vell Marí, 1, 07687 S'Illot, Illes Balears",ChIJcwe8WmFBlhIR_Cd0lQr1FNk,,https://maps.google.com/?cid=15642396831570470908&g_mp=Cidnb29nbGUubWFwcy5wbGFjZXMudjEuUGxhY2VzLlNlYXJjaFRleHQQAhgEIAA,,
beach-club,Limit Beach,4.1,925,S'Arenal,"Av. Miramar, 24B, 07600 S'Arenal, Illes Balears",ChIJdXStg06WlxIRkHhC7NJAQcA,,https://maps.google.com/?cid=13853425203419445392&g_mp=Cidnb29nbGUubWFwcy5wbGFjZXMudjEuUGxhY2VzLlNlYXJjaFRleHQQAhgEIAA,,
beach-club,Paradise Beach Mallorca,4.2,869,Magaluf,"Passeig Mar, 17, 07181 Magaluf, Illes Balears",ChIJ7x2kxzWJlxIR2f4GIZiH8H0,https://www.paradisebeachmallorca.com/,https://maps.google.com/?cid=9074902336610434777&g_mp=Cidnb29nbGUubWFwcy5wbGFjZXMudjEuUGxhY2VzLlNlYXJjaFRleHQQAhgEIAA,,
beach-club,Sea.Bar.Is Port de Pollença,4,717,Pollença,"c/ Bruixola nº 2, esq. paseo londres 38, 07470 Port de Pollensa, Illes Balears",ChIJ02rV7N_UlxIRoM1wEtV_Ovw,http://seabaris.com/,https://maps.google.com/?cid=18174979799321202080&g_mp=Cidnb29nbGUubWFwcy5wbGFjZXMudjEuUGxhY2VzLlNlYXJjaFRleHQQAhgEIAA,,
beach-club,Vela Beach,4.1,710,Porto Cristo,"PASSEIG S, Passeig Estany d'en Mas, 61, 07680 S'Estany den Mas, Illes Balears",ChIJ4ZuH2CVElhIRtsc8Nu1_gqo,https://www.instagram.com/vela.beach.club?igsh=MTh5c3NwNzhqdG5paw==,https://maps.google.com/?cid=12286523390214064054&g_mp=Cidnb29nbGUubWFwcy5wbGFjZXMudjEuUGxhY2VzLlNlYXJjaFRleHQQAhgEIAA,,
beach-club,Restaurant Beach Club,4,604,Andratx,"Carrer de Ses Dunes, 7, 07160 Andratx, Illes Balears",ChIJmQvNEyknmBIR_6CDMH57iHU,,https://maps.google.com/?cid=8469154881180246271&g_mp=Cidnb29nbGUubWFwcy5wbGFjZXMudjEuUGxhY2VzLlNlYXJjaFRleHQQAhgEIAA,,
beach-club,Chiringuito Cala Marçal,4.4,546,Felanitx,"Carrer de Cala Marçal, 17, 07670 Felanitx, Illes Balears",ChIJA6pL-XdQlhIRDz1Acx-6tnI,https://www.grupomarport.com/cala-marsal,https://maps.google.com/?cid=8265998810325466383&g_mp=Cidnb29nbGUubWFwcy5wbGFjZXMudjEuUGxhY2VzLlNlYXJjaFRleHQQAhgEIAA,,
beach-club,Amê Gastrobeach Club,4.2,546,Cala Millor,"Parc de la Mar, S/N, 07560 Cala Millor, Illes Balears",ChIJi1YEfXxBlhIRV_8DG874lwg,https://amegastrobeach.com/,https://maps.google.com/?cid=619237037886930775&g_mp=Cidnb29nbGUubWFwcy5wbGFjZXMudjEuUGxhY2VzLlNlYXJjaFRleHQQAhgEIAA,,
beach-club,The Coconut Shack,4.6,472,Cala Millor,"Passeig Maritim de Cala Bona, 14, 07560 Cala Millor, Illes Balears",ChIJAw037hM_lhIRbCweyL8oyGY,,https://maps.google.com/?cid=7406214391372065900&g_mp=Cidnb29nbGUubWFwcy5wbGFjZXMudjEuUGxhY2VzLlNlYXJjaFRleHQQAhgEIAA,,
beach-club,Balneario 8,4.2,472,Palma,"Carretera de l'Arenal, 29A, Platja de Palma i Pla de Sant Jordi, 07610 Palma, Illes Balears",ChIJl94LD2GWlxIRwdzJREL25XY,,https://maps.google.com/?cid=8567524630624591041&g_mp=Cidnb29nbGUubWFwcy5wbGFjZXMudjEuUGxhY2VzLlNlYXJjaFRleHQQAhgEIAA,,
beach-club,Chiringuito Cala Sa Nau,4.3,446,Felanitx,"Carrer de Cala Sanau, 07669 Felanitx, Illes Balears",ChIJwfa6iXFRlhIR3IsSTW_RGRg,https://www.grupomarport.com/cala-sa-nau,https://maps.google.com/?cid=1736649407292672988&g_mp=Cidnb29nbGUubWFwcy5wbGFjZXMudjEuUGxhY2VzLlNlYXJjaFRleHQQAhgEIAA,,
beach-club,Lobster Club,4.1,418,Puerto Portals,"Edificio Panorama Puerto Portals, 07181 Mallorca, Illes Balears",ChIJZdNJHWyPlxIRf4CNQE8No2s,https://www.lobsterclub.es/,https://maps.google.com/?cid=7756057617298718847&g_mp=Cidnb29nbGUubWFwcy5wbGFjZXMudjEuUGxhY2VzLlNlYXJjaFRleHQQAhgEIAA,,
beach-club,Natura beach -Balneario 7 - Playa De Muro,4,381,Can Picafort,"Carrer Arenes, 07458 Muro, Illes Balears",ChIJj2XN93AtlhIRo7XAqgTNG_s,,https://maps.google.com/?cid=18094281347819419043&g_mp=Cidnb29nbGUubWFwcy5wbGFjZXMudjEuUGxhY2VzLlNlYXJjaFRleHQQAhgEIAA,,
beach-club,Sa Cala Beach Club / Adults Only,4,331,Cala d'Or,"Carrer de Cala Esmeralda, s/n, 07660 Cala d'Or, Illes Balears",ChIJh-YCJjtRlhIRt3aaPCRRReE,,https://maps.google.com/?cid=16232469648004249271&g_mp=Cidnb29nbGUubWFwcy5wbGFjZXMudjEuUGxhY2VzLlNlYXJjaFRleHQQAhgEIAA,,
beach-club,Club Nàutic Porto Cristo,4.4,308,Porto Cristo,"Carrer de la Vela, 29, 07680 Porto Cristo, Illes Balears",ChIJJaEnOLRGlhIRzg50gHEJ6hs,http://www.cnportocristo.com/,https://maps.google.com/?cid=2011430566665391822&g_mp=Cidnb29nbGUubWFwcy5wbGFjZXMudjEuUGxhY2VzLlNlYXJjaFRleHQQAhgEIAA,,
beach-club,Platja de Ses Illetes,4.6,293,Illetas,"109-Platja de, 07181 Cas Català-Illetes, Illes Balears",ChIJTRiKIaGPlxIRoPtGujXEhAM,,https://maps.google.com/?cid=253543214077115296&g_mp=Cidnb29nbGUubWFwcy5wbGFjZXMudjEuUGxhY2VzLlNlYXJjaFRleHQQAhgEIAA,,
beach-club,Beach Club y Cocktail Bar La Pedrisa,4,290,Palma,"Avinguda de Bartomeu Riutort, 67, Platja de Palma i Pla de Sant Jordi, 07610 Can Pastilla, Illes Balears",ChIJWcD9rU2XlxIRQjQ4xWB-wE0,https://nativecbd.es/,https://maps.google.com/?cid=5602616890539652162&g_mp=Cidnb29nbGUubWFwcy5wbGFjZXMudjEuUGxhY2VzLlNlYXJjaFRleHQQAhgEIAA,,
beach-club,La Balada del Agua del Mar,4.6,285,Pollença,"Polígon Vora Mar, 5, 07470 Pollença, Illes Balears",ChIJuwKELCXVlxIRnwfGSpFzqpk,,https://maps.google.com/?cid=11072789701705729951&g_mp=Cidnb29nbGUubWFwcy5wbGFjZXMudjEuUGxhY2VzLlNlYXJjaFRleHQQAhgEIAA,,
beach-club,Coco Beach Bar,4.2,275,Manacor,"07500 S'Estany den Mas, Illes Balears",ChIJeZRU5SVElhIRGDp3EdPMIrA,,https://maps.google.com/?cid=12691931906786671128&g_mp=Cidnb29nbGUubWFwcy5wbGFjZXMudjEuUGxhY2VzLlNlYXJjaFRleHQQAhgEIAA,,
beach-club,La Roca,4.2,256,Port de Pollença,"Via Alemanya, 4, 07470 Port de Pollença, Illes Balears",ChIJaw-PnN3UlxIRkuvw7I5BnD8,,https://maps.google.com/?cid=4583610602872695698&g_mp=Cidnb29nbGUubWFwcy5wbGFjZXMudjEuUGxhY2VzLlNlYXJjaFRleHQQAhgEIAA,,
beach-club,El Chiringuito de Crestatx,4.8,251,Sa Pobla,"Ma-2200, km 43, 07420, Illes Balears",ChIJpSLHtCbSlxIR9zX5cIdBHUo,,https://maps.google.com/?cid=5340496783103047159&g_mp=Cidnb29nbGUubWFwcy5wbGFjZXMudjEuUGxhY2VzLlNlYXJjaFRleHQQAhgEIAA,,
beach-club,Chiringuito Cala Vinyes,4.6,245,Palma,"Carrer del Sol, 13, b, 07181 Palma, Illes Balears",ChIJQwVGN9GIlxIRiQhlK48enP8,,https://maps.google.com/?cid=18418630176295684233&g_mp=Cidnb29nbGUubWFwcy5wbGFjZXMudjEuUGxhY2VzLlNlYXJjaFRleHQQAhgEIAA,,
beach-club,Faro Beach,4.4,237,Port d'Alcúdia,"Passeig Marítim, 1, Local 6, 07400 Port d'Alcúdia, Illes Balears",ChIJUavlGGEtlhIR6vmu9e2clFY,https://www.instagram.com/farobeachalcudia/,https://maps.google.com/?cid=6238783929658046954&g_mp=Cidnb29nbGUubWFwcy5wbGFjZXMudjEuUGxhY2VzLlNlYXJjaFRleHQQAhgEIAA,,
beach-club,Lemon Lounge Bar,4.1,228,Port de Pollença,"Passeig d'Anglada Camarasa, 27, 07470 Port de Pollença, Illes Balears",ChIJ8yulaPLVlxIROmZ8CQYV8VI,https://www.hoposa.es/es/hoteles/daina,https://maps.google.com/?cid=5976581296170493498&g_mp=Cidnb29nbGUubWFwcy5wbGFjZXMudjEuUGxhY2VzLlNlYXJjaFRleHQQAhgEIAA,,
beach-club,Pierino beach,4.3,224,Can Picafort,"Carrer Dunes, 07458 Playa, Illes Balears",ChIJI_9gFhwtlhIR70w9NE3RVaU,https://ilchiringo.com/pierino/,https://maps.google.com/?cid=11913658518797634799&g_mp=Cidnb29nbGUubWFwcy5wbGFjZXMudjEuUGxhY2VzLlNlYXJjaFRleHQQAhgEIAA,,
beach-club,Sirocco Oasis Beach Club Bar & Restaurante,4.4,162,Magaluf,"Carrer Miguel Altoaguirre, 1, 07181 Magaluf, Illes Balears",ChIJTbXGSC2JlxIR1nVZO97UdQI,,https://maps.google.com/?cid=177281811294549462&g_mp=Cidnb29nbGUubWFwcy5wbGFjZXMudjEuUGxhY2VzLlNlYXJjaFRleHQQAhgEIAA,,
beach-club,Balneario 6 | Alcúdia Beach Bar,4.5,149,Alcúdia,"Playa de Alcudia s/n, 07400 Alcúdia, Illes Balears",ChIJb8ytE9MtlhIRzIAuJ28KKoA,https://www.balneario6.com/,https://maps.google.com/?cid=9235205458391630028&g_mp=Cidnb29nbGUubWFwcy5wbGFjZXMudjEuUGxhY2VzLlNlYXJjaFRleHQQAhgEIAA,,
beach-club,AQUA Beach Club,4.3,139,Sant Elm,"Carrer Cala es Conills, 4, 07159 Sant Elm, Illes Balears",ChIJt4lMdecjmBIR138_pREx5qQ,https://beachclubaqua.com/es?utm_source=google&utm_medium=organic&utm_campaign=GBPSecondary&utm_content=Beachclubaqua,https://maps.google.com/?cid=11882238618720239575&g_mp=Cidnb29nbGUubWFwcy5wbGFjZXMudjEuUGxhY2VzLlNlYXJjaFRleHQQAhgEIAA,,
beach-club,Beach Club & Restaurante Kaafu,4.2,138,Cala Millor,"Passeig Maritim de Cala Bona, 42, 07559 Cala Millor, Illes Balears",ChIJl6o8emM_lhIR7coevbL_ItM,https://kaafu.myrestoo.net/,https://maps.google.com/?cid=15214003634353130221&g_mp=Cidnb29nbGUubWFwcy5wbGFjZXMudjEuUGxhY2VzLlNlYXJjaFRleHQQAhgEIAA,,
beach-club,Playa Portals Nous Mallorca Clavijo,4.2,126,Bendinat,"Carrer d'en Caldentei, 2, 07181 Bendinat, Illes Balears",ChIJsde8HIeOlxIRBNm6IDCTaAY,,https://maps.google.com/?cid=461780796722305284&g_mp=Cidnb29nbGUubWFwcy5wbGFjZXMudjEuUGxhY2VzLlNlYXJjaFRleHQQAhgEIAA,,
beach-club,Ca Na Rita | Platja de Muro,4.3,124,Playa de Muro,"Carrer Romaní ns, 07458 Playa de Muro, Illes Balears",ChIJl9vLZQAtlhIRCDFSARAyK9Q,https://www.canaritarestaurante.com/,https://maps.google.com/?cid=15288368404362309896&g_mp=Cidnb29nbGUubWFwcy5wbGFjZXMudjEuUGxhY2VzLlNlYXJjaFRleHQQAhgEIAA,,
beach-club,Palma Beach,4.6,120,Palma,"Carr. de s’Arenal, 18, Local 41, Platja de Palma i Pla de Sant Jordi, 07610 Palma, Illes Balears",ChIJaUk_2YmWlxIRC5KnxGYeKO0,https://www.palmabeach.com/,https://maps.google.com/?cid=17088942212792160779&g_mp=Cidnb29nbGUubWFwcy5wbGFjZXMudjEuUGxhY2VzLlNlYXJjaFRleHQQAhgEIAA,,
beach-club,Hadley´s Club Mallorca,4.4,112,Magaluf,"Av. Magaluf, 18, 07181 Mallorca, Illes Balears",ChIJc3ydgL6JlxIRnufH60BgOkA,https://www.hadleysclub.com/,https://maps.google.com/?cid=4628117399026526110&g_mp=Cidnb29nbGUubWFwcy5wbGFjZXMudjEuUGxhY2VzLlNlYXJjaFRleHQQAhgEIAA,,
beach-club,Chilax,4.7,91,Manacor,"Carretera del Moll, 1, 07680 Manacor, Illes Balears",ChIJIZkRRwBHlhIRvIH-LHU6WJg,,https://maps.google.com/?cid=10977588366656045500&g_mp=Cidnb29nbGUubWFwcy5wbGFjZXMudjEuUGxhY2VzLlNlYXJjaFRleHQQAhgEIAA,,
beach-club,Cape Nao Beach Club & Restaurant,4.1,67,Calvià,"Av. Notari Alemany, 1, 07181 Calvià, Illes Balears",ChIJKYCgcnOJlxIRbZ32B0frRBc,https://www.melia.com/es/hoteles/espana/mallorca/melia-calvia-beach/restaurantes/cape-nao,https://maps.google.com/?cid=1676723651597475181&g_mp=Cidnb29nbGUubWFwcy5wbGFjZXMudjEuUGxhY2VzLlNlYXJjaFRleHQQAhgEIAA,,
beach-club,Calma Beach Club | Cala Millor,4,50,Cala Millor,"Avda. de la Mar, s/n, 07560 Cala Millor, Illes Balears",ChIJ9X7XPXdBlhIRyzMPJ08cL4Q,https://www.instagram.com/calmabeachcm/,https://maps.google.com/?cid=9524862863195190219&g_mp=Cidnb29nbGUubWFwcy5wbGFjZXMudjEuUGxhY2VzLlNlYXJjaFRleHQQAhgEIAA,,
beach-club,Chiringuito de camp de mar,4,46,Andratx,"Camí Salinar, 1B, 07160 Andratx, Illes Balears",ChIJy90VqwwnmBIRjPsy5RRD0Os,https://instagram.com/bar_casetas?igshid=YmMyMTA2M2Y=,https://maps.google.com/?cid=16992155151092611980&g_mp=Cidnb29nbGUubWFwcy5wbGFjZXMudjEuUGxhY2VzLlNlYXJjaFRleHQQAhgEIAA,,
beach-club,Bolzano Beach Club,4.3,35,Cala Millor,"Avinguda de les Savines, s/n, 07560 Sa Coma, Illes Balears",ChIJQ2prf4ZBlhIRWa2AsoszF9g,,https://maps.google.com/?cid=15570970911745027417&g_mp=Cidnb29nbGUubWFwcy5wbGFjZXMudjEuUGxhY2VzLlNlYXJjaFRleHQQAhgEIAA,,
beach-club,Miss Piggy Beach Bar,4.7,24,S'Arenal,"Carrer Platja, 1, 07600 S'Arenal, Illes Balears",ChIJnfE1uD2XlxIRuG17n8XvJk4,,https://maps.google.com/?cid=5631452016136646072&g_mp=Cidnb29nbGUubWFwcy5wbGFjZXMudjEuUGxhY2VzLlNlYXJjaFRleHQQAhgEIAA,,
activity,La Lonja de Palma,4.5,4960,Palma,"Plaça de la Llotja, 5, Centre, 07012 Palma, Illes Balears",ChIJAfqYmkSSlxIRWXTSSNAP8Qg,https://palmavirtual.palma.es/-/la-llotja./ca/,https://maps.google.com/?cid=644313608940057689&g_mp=Cidnb29nbGUubWFwcy5wbGFjZXMudjEuUGxhY2VzLlNlYXJjaFRleHQQAhgEIAA,,
activity,Parque de la Mar,4.6,2293,Palma,"Av. d'Antoni Maura, 3, Centre, 07001 Palma, Illes Balears",ChIJuXomUfqTlxIRHbR9yjQQEbg,,https://maps.google.com/?cid=13263400196504400925&g_mp=Cidnb29nbGUubWFwcy5wbGFjZXMudjEuUGxhY2VzLlNlYXJjaFRleHQQAhgEIAA,,
activity,Fantasy Park,4.2,1192,Cala Millor,"Carrer Cristòfol Colom, 102, 07560 Son Moro, Illes Balears",ChIJ3fjmdX1AlhIRxQfsQGu8oAQ,https://fantasyparkmallorca.com/,https://maps.google.com/?cid=333473541262149573&g_mp=Cidnb29nbGUubWFwcy5wbGFjZXMudjEuUGxhY2VzLlNlYXJjaFRleHQQAhgEIAA,,
activity,Experimenta Mallorca,4.5,949,Can Picafort,"Avinguda José Trias, 1, 07458 Mallorca, Illes Balears",ChIJDwNg1XYylhIRvPTEMBhcvSc,http://www.experience-mallorca.com/,https://maps.google.com/?cid=2863546197044688060&g_mp=Cidnb29nbGUubWFwcy5wbGFjZXMudjEuUGxhY2VzLlNlYXJjaFRleHQQAhgEIAA,,
activity,La Trapa,4.7,833,Andratx,"07159 Andratx, Illes Balears",ChIJcx60nEEimBIRVGFVScR_Ozs,https://latrapa.org/,https://maps.google.com/?cid=4268145552884326740&g_mp=Cidnb29nbGUubWFwcy5wbGFjZXMudjEuUGxhY2VzLlNlYXJjaFRleHQQAhgEIAA,,
activity,"Can Prunera Sóller, Casa Modernista",4.5,727,Sóller,"Carrer de sa Lluna, 86, 90, 07100 Sóller, Illes Balears",ChIJp_AiJL7olxIRsPsR4NTPKVI,http://www.canprunera.com/,https://maps.google.com/?cid=5920491698354518960&g_mp=Cidnb29nbGUubWFwcy5wbGFjZXMudjEuUGxhY2VzLlNlYXJjaFRleHQQAhgEIAA,,
activity,Ses Païsses,4.2,716,Artà,"Lloc Poligon 13, 113, 07570 Artà, Illes Balears",ChIJHTsf3h08lhIRVpYt9rQ23cc,,https://maps.google.com/?cid=14401727334252910166&g_mp=Cidnb29nbGUubWFwcy5wbGFjZXMudjEuUGxhY2VzLlNlYXJjaFRleHQQAhgEIAA,,
activity,Torre Picada,4.5,638,Sóller,"07100 Sóller, Illes Balears",ChIJIx5A5N_llxIRCQf5uT9rUQo,,https://maps.google.com/?cid=743493334940059401&g_mp=Cidnb29nbGUubWFwcy5wbGFjZXMudjEuUGxhY2VzLlNlYXJjaFRleHQQAhgEIAA,,
activity,Talaia d'Alcúdia,4.8,594,Alcúdia,"07400 Alcúdia, Illes Balears",ChIJuRsMs_wrlhIRb6oSaV9OmUg,http://www.alcudiamallorca.com/,https://maps.google.com/?cid=5231298613859232367&g_mp=Cidnb29nbGUubWFwcy5wbGFjZXMudjEuUGxhY2VzLlNlYXJjaFRleHQQAhgEIAA,,
activity,Rancho Bonanza Cala Millor,4.7,515,Cala Millor,"Carrer dels Baladres, 11, 07560 Sa Coma, Illes Balears",ChIJ66iUfuhBlhIRFP5n1xgaIa0,http://rancho-bonanza.org/,https://maps.google.com/?cid=12475281136788438548&g_mp=Cidnb29nbGUubWFwcy5wbGFjZXMudjEuUGxhY2VzLlNlYXJjaFRleHQQAhgEIAA,,
activity,Quad Tour Mallorca,4.5,442,S'Arenal,"Rent A Racing Quad-quad Tour Mallorca, Carrer Josep Maria Quadrado, 1, 07600 S'Arenal, Illes Balears",ChIJMwxzDEuWlxIR5BSrTDCezVg,http://www.quadtourmallorca.es/,https://maps.google.com/?cid=6398944575845242084&g_mp=Cidnb29nbGUubWFwcy5wbGFjZXMudjEuUGxhY2VzLlNlYXJjaFRleHQQAhgEIAA,,
activity,Puig de Maria,4.7,437,Pollença,"Cami d´es Puig, 07460 Pollença, Illes Balears",ChIJnZlghKfWlxIRXVpGXAvIfy8,,https://maps.google.com/?cid=3422674192943176285&g_mp=Cidnb29nbGUubWFwcy5wbGFjZXMudjEuUGxhY2VzLlNlYXJjaFRleHQQAhgEIAA,,
activity,Cala Estreta,4.5,422,Artà,"07579 Artà, Illes Balears",ChIJVSbgVVo9lhIRHEJ0DF8yzVg,,https://maps.google.com/?cid=6398826029375570460&g_mp=Cidnb29nbGUubWFwcy5wbGFjZXMudjEuUGxhY2VzLlNlYXJjaFRleHQQAhgEIAA,,
activity,Coll de Sa Gramola,4.7,417,Andratx,"Ma-10, 07150 Andratx, Illes Balears",ChIJEXTqJwEhmBIRqkfuaNAbivA,,https://maps.google.com/?cid=17332696697816369066&g_mp=Cidnb29nbGUubWFwcy5wbGFjZXMudjEuUGxhY2VzLlNlYXJjaFRleHQQAhgEIAA,,
activity,Bodegas José L. Ferrer,4.5,412,Binissalem,"Carrer del Conquistador, 103, 07350 Binissalem, Illes Balears",ChIJ3zfkzkbBlxIRUtIaI6AwmQ4,http://www.vinosferrer.com/,https://maps.google.com/?cid=1051925452309582418&g_mp=Cidnb29nbGUubWFwcy5wbGFjZXMudjEuUGxhY2VzLlNlYXJjaFRleHQQAhgEIAA,,
activity,WATERSPORTS MALLORCA MAGALUF,4.7,409,Magaluf,"Av. Magaluf, 18, 07181 Magaluf, Illes Balears",ChIJa9pun2eJlxIRvm2Npv-Mmu0,https://funnybeachalcudia.com/,https://maps.google.com/?cid=17121151963041197502&g_mp=Cidnb29nbGUubWFwcy5wbGFjZXMudjEuUGxhY2VzLlNlYXJjaFRleHQQAhgEIAA,,
activity,"ZOEA Mallorca | Diving, Kayak & Paddleboard",4.5,406,Calvià,"Via de la Creu, 46, 07180 Calvià, Illes Balears",ChIJ6Wk9o9CJlxIR4aXT_vBAhtg,https://zoeamallorca.com/,https://maps.google.com/?cid=15602229362883274209&g_mp=Cidnb29nbGUubWFwcy5wbGFjZXMudjEuUGxhY2VzLlNlYXJjaFRleHQQAhgEIAA,,
activity,Palacio Municipal de Deportes de Andratx,4.2,381,Andratx,"Carrer de Son Prim, 50, 07150 Andratx, Illes Balears",ChIJHzliTeIgmBIRA83wauK25Bg,https://andratx.es/ca/associacions-empreses-equipaments-i-installacions/palau-municipal-desports-andratx,https://maps.google.com/?cid=1793759635173330179&g_mp=Cidnb29nbGUubWFwcy5wbGFjZXMudjEuUGxhY2VzLlNlYXJjaFRleHQQAhgEIAA,,
activity,"Deportes de Agua | Kitesurfing, Windsurfing, Wingfoil, Paddlesurf, Catamaran Center",4.7,360,Alcúdia,"Hotel Playa Esperanza, Av. de s'Albufera, 07458 Alcúdia, Illes Balears",ChIJaa7rkxYtlhIR1oNPW77Co3c,https://www.watersportsmallorca.com/,https://maps.google.com/?cid=8620948234548773846&g_mp=Cidnb29nbGUubWFwcy5wbGFjZXMudjEuUGxhY2VzLlNlYXJjaFRleHQQAhgEIAA,,
activity,Barranc de Biniaraix,4.8,349,Sóller,"07100 Sóller, Illes Balears",ChIJAyUxUl3olxIR5jQfwSYgS3M,https://ca.wikipedia.org/wiki/Barranc_de_Biniaraix,https://maps.google.com/?cid=8307769288435905766&g_mp=Cidnb29nbGUubWFwcy5wbGFjZXMudjEuUGxhY2VzLlNlYXJjaFRleHQQAhgEIAA,,
activity,Cala Llamp,4.6,344,Andratx,"Andratx, Illes Balears",ChIJC1G_AfwnmBIRRT1nNJCR3vM,,https://maps.google.com/?cid=17572642844586753349&g_mp=Cidnb29nbGUubWFwcy5wbGFjZXMudjEuUGxhY2VzLlNlYXJjaFRleHQQAhgEIAA,,
activity,Spacefantasy,4.8,336,Costitx,"Poligono 200, Parcela 1, 07144 Costitx, Illes Balears",ChIJdcnx4HPIlxIRuYMOaFh9h3Q,https://spacefantasy.es/,https://maps.google.com/?cid=8396817848911954873&g_mp=Cidnb29nbGUubWFwcy5wbGFjZXMudjEuUGxhY2VzLlNlYXJjaFRleHQQAhgEIAA,,
activity,Questquest,4.8,315,Palma,"Carrer Ricard Ankerman, 46, Llevant, 07006 Palma, Illes Balears",ChIJB5qq-bKTlxIR6bj06qUJYco,https://questquest.es/,https://maps.google.com/?cid=14582947676618537193&g_mp=Cidnb29nbGUubWFwcy5wbGFjZXMudjEuUGxhY2VzLlNlYXJjaFRleHQQAhgEIAA,,
activity,Club Nàutic Porto Cristo,4.4,308,Porto Cristo,"Carrer de la Vela, 29, 07680 Porto Cristo, Illes Balears",ChIJJaEnOLRGlhIRzg50gHEJ6hs,http://www.cnportocristo.com/,https://maps.google.com/?cid=2011430566665391822&g_mp=Cidnb29nbGUubWFwcy5wbGFjZXMudjEuUGxhY2VzLlNlYXJjaFRleHQQAhgEIAA,,
activity,CCA Andratx,4.5,287,Andratx,"Carrer S'estanyera, 2, 07150 Andratx, Illes Balears",ChIJDTSDcB0hmBIRucBcwwi_IjA,http://www.ccandratx.eu/,https://maps.google.com/?cid=3468544707386982585&g_mp=Cidnb29nbGUubWFwcy5wbGFjZXMudjEuUGxhY2VzLlNlYXJjaFRleHQQAhgEIAA,,
activity,East Coast Divers Mallorca,4.8,279,Portocolom,"Sporthotel Bahia Azul, Rda. Miquel Massutí Alzamora, 78, 07670 Portocolom, Illes Balears",ChIJx-0RIp5alhIRoPxrq2v5e-Y,http://www.eastcoastdivers.de/,https://maps.google.com/?cid=16608142291691633824&g_mp=Cidnb29nbGUubWFwcy5wbGFjZXMudjEuUGxhY2VzLlNlYXJjaFRleHQQAhgEIAA,,
activity,Jet Ski For Rent Santa Ponsa (Mallorca),4.8,272,Santa Ponça,"Club Náutico - Muelle de Espera, Via De la Cruz, 46, 07180 Santa Ponça, Illes Balears",ChIJS9FRgdCJlxIR1Z1PZ9o0vHk,https://jetskiforrent.es/,https://maps.google.com/?cid=8771944286851669461&g_mp=Cidnb29nbGUubWFwcy5wbGFjZXMudjEuUGxhY2VzLlNlYXJjaFRleHQQAhgEIAA,,
activity,Jetfun Speedboat Adventure,4.9,247,Port d'Alcúdia,"Alcudiamar (Gate, 5, 07400 Port d'Alcúdia, Illes Balears",ChIJiRJDxEeTlxIR0yX9NmR8WqQ,https://jetfun.es/,https://maps.google.com/?cid=11842914939985274323&g_mp=Cidnb29nbGUubWFwcy5wbGFjZXMudjEuUGxhY2VzLlNlYXJjaFRleHQQAhgEIAA,,
activity,Valle de Boquer,4.7,240,Pollença,"07460 Pollença, Illes Balears",ChIJe77qyDjVlxIRetb9roKojxM,,https://maps.google.com/?cid=1409530487625340538&g_mp=Cidnb29nbGUubWFwcy5wbGFjZXMudjEuUGxhY2VzLlNlYXJjaFRleHQQAhgEIAA,,
activity,Cala Santanyí Diving Center Mallorca,4.8,237,Santanyí,"Carrer sa Costa d'en Nofre, 15, 07659 Cala Santanyí, Illes Balears",ChIJASYEaVBUlhIR7N2bqfbmzPs,http://www.pacosdiving.com/,https://maps.google.com/?cid=18144130945850793452&g_mp=Cidnb29nbGUubWFwcy5wbGFjZXMudjEuUGxhY2VzLlNlYXJjaFRleHQQAhgEIAA,,
activity,Happy PARK,4.4,233,Cala Millor,"Carrer Olivera, 3, 07560 Sant Llorenç des Cardassar, Illes Balears",ChIJqZ-CdWpBlhIRET6ad4NBy5o,https://happypark.es/,https://maps.google.com/?cid=11154080935016283665&g_mp=Cidnb29nbGUubWFwcy5wbGFjZXMudjEuUGxhY2VzLlNlYXJjaFRleHQQAhgEIAA,,
activity,The Helicopter Centre,5,232,Palma,"Aerodromo de Son Bonet, Ctra. Inca -Afor Ctra. Palma, 5, 07141 Marratxinet, Illes Balears",ChIJj7XWjqOUlxIRup_Xnbw4_4Y,https://thehelicoptercentre.com/,https://maps.google.com/?cid=9727556102896721850&g_mp=Cidnb29nbGUubWFwcy5wbGFjZXMudjEuUGxhY2VzLlNlYXJjaFRleHQQAhgEIAA,,
activity,Fun Quad Mallorca,4.8,230,Peguera,"Carrer des Capdellà, 2, 07160 Peguera, Illes Balears",ChIJi_fGW5SJlxIR0sAWJz4foog,http://www.funquad-mallorca.com/,https://maps.google.com/?cid=9845466087189561554&g_mp=Cidnb29nbGUubWFwcy5wbGFjZXMudjEuUGxhY2VzLlNlYXJjaFRleHQQAhgEIAA,,
activity,Kayak Tour Mallorca,4.9,225,Alcúdia,"Parking Sa Ferradura, 07400 Alcúdia, Illes Balears",ChIJE0QvsP0rlhIRufOjwbdzqfE,http://www.kayaktourmallorca.com/,https://maps.google.com/?cid=17413576667269690297&g_mp=Cidnb29nbGUubWFwcy5wbGFjZXMudjEuUGxhY2VzLlNlYXJjaFRleHQQAhgEIAA,,
activity,Almazara y Casa de Can Det - Visitas Guiadas,4.7,221,Sóller,"Carrer d'Ozones, 8, 07100 Sóller, Illes Balears",ChIJifiHicrolxIRBQFLsTsslaM,http://www.candet.es/,https://maps.google.com/?cid=11787376234601316613&g_mp=Cidnb29nbGUubWFwcy5wbGFjZXMudjEuUGxhY2VzLlNlYXJjaFRleHQQAhgEIAA,,
activity,Excursions La Mallorca,4.5,220,Cala Ratjada,"Carrer d'Elionor Servera, 89, 07590 Cala Rajada, Illes Balears",ChIJHStRvVgWlhIRe36Hhy_zUBQ,https://www.excursions-lamallorca.com/,https://maps.google.com/?cid=1463937264358227579&g_mp=Cidnb29nbGUubWFwcy5wbGFjZXMudjEuUGxhY2VzLlNlYXJjaFRleHQQAhgEIAA,,
activity,Sala Picasso y Sala Miró,4.4,215,Sóller,"Plaça d'Espanya, 6, 07100 Sóller, Illes Balears",ChIJvV9xb7_olxIRC0gNrgS8rUY,,https://maps.google.com/?cid=5092933481911896075&g_mp=Cidnb29nbGUubWFwcy5wbGFjZXMudjEuUGxhY2VzLlNlYXJjaFRleHQQAhgEIAA,,
activity,Outdoor Adventure Sports,5,212,Alaró,"Carrer Joan Rosselló de Son Forteza, 14, 07340 Alaró, Illes Balears",ChIJMcLVci3blxIRbvfA0VAFeD0,https://www.outdooradventuresports.es/,https://maps.google.com/?cid=4429296078193489774&g_mp=Cidnb29nbGUubWFwcy5wbGFjZXMudjEuUGxhY2VzLlNlYXJjaFRleHQQAhgEIAA,,
activity,Rancho La Romana,4.4,210,Peguera,"Ma-1, salida 20, 07160 Peguera, Illes Balears",ChIJRQhoXnSJlxIRCUoFBSp-Ncg,,https://maps.google.com/?cid=14426575700289210889&g_mp=Cidnb29nbGUubWFwcy5wbGFjZXMudjEuUGxhY2VzLlNlYXJjaFRleHQQAhgEIAA,,
activity,Jetski on Delivery,5,207,Cala Bona,"Passeig Magdalena de na Rigo Lliteras, 23, 07559 Son Servera, Illes Balears",ChIJxxozVDw5lhIRyxbql9gigeo,https://jetskiondelivery.com/,https://maps.google.com/?cid=16897825590527792843&g_mp=Cidnb29nbGUubWFwcy5wbGFjZXMudjEuUGxhY2VzLlNlYXJjaFRleHQQAhgEIAA,,
activity,2 Wheel Tours Palma,5,206,Palma,"Carrer del Palau Reial, 12, Centre, 07001 Palma, Illes Balears",ChIJ3aRsOviTlxIRIP2ZFO9ONLo,https://www.2wheelspalma.com/,https://maps.google.com/?cid=13417435978593336608&g_mp=Cidnb29nbGUubWFwcy5wbGFjZXMudjEuUGxhY2VzLlNlYXJjaFRleHQQAhgEIAA,,
activity,Karting Cala Millor. N°1 en Cala Millor,4.3,204,Cala Millor,"Next to Moeve Petrol Station, Avinguda Llevant, 07560 Cala Millor, Illes Balears",ChIJ2_VmZodAlhIRdNQ3kw263uc,,https://maps.google.com/?cid=16707996235058369652&g_mp=Cidnb29nbGUubWFwcy5wbGFjZXMudjEuUGxhY2VzLlNlYXJjaFRleHQQAhgEIAA,,
activity,Sóller Divers,4.9,193,Port de Sóller,"Carrer de la Marina, 62, 07108 Port de Sóller, Illes Balears",ChIJHfQQtuTllxIR6Vy3DETsqPc,http://www.sollerdivers.com/,https://maps.google.com/?cid=17845773300470865129&g_mp=Cidnb29nbGUubWFwcy5wbGFjZXMudjEuUGxhY2VzLlNlYXJjaFRleHQQAhgEIAA,,
activity,Wind Pirates watersports center,4.6,187,Port d'Alcúdia,"Passeig Marítim, 1, 07400 Port d'Alcúdia, Illes Balears",ChIJa62KLqMtlhIRuzERp562anQ,http://www.windpirates.es/,https://maps.google.com/?cid=8388718048454980027&g_mp=Cidnb29nbGUubWFwcy5wbGFjZXMudjEuUGxhY2VzLlNlYXJjaFRleHQQAhgEIAA,,
activity,Dive & Fun Font de Sa cala,4.6,184,Canyamel,"Carretera de Canyamel, 48, 07589 Sa Font de sa Cala, Illes Balears",ChIJz4_Y2tcVlhIRTLwJerMis_g,http://www.mallorcadiving.de/,https://maps.google.com/?cid=17920705496479284300&g_mp=Cidnb29nbGUubWFwcy5wbGFjZXMudjEuUGxhY2VzLlNlYXJjaFRleHQQAhgEIAA,,
activity,MOTOURS VIAJES EN MOTO,4.9,182,Palma,"ESTACION MARITIMA, Ponent, 07015 Palma, Illes Balears",ChIJ0VGJ8RqNlxIR-skokcAZNQQ,http://www.motours.org/,https://maps.google.com/?cid=303176864777161210&g_mp=Cidnb29nbGUubWFwcy5wbGFjZXMudjEuUGxhY2VzLlNlYXJjaFRleHQQAhgEIAA,,
activity,Campo de fútbol Artá,4.3,182,Artà,"07570, Carrer de s'Abeurador, 3902, 07570 Artà, Illes Balears",ChIJacxrWD08lhIRdRdEh-cwtsQ,,https://maps.google.com/?cid=14174570648160180085&g_mp=Cidnb29nbGUubWFwcy5wbGFjZXMudjEuUGxhY2VzLlNlYXJjaFRleHQQAhgEIAA,,
activity,"West Coast Divers Mallorca - PADI Dive Resort , Tauchschule, Centro de Buceo, Diving Centre",4.8,179,Illetas,"Hotel Bonanza PLaya & Spa, Passeig Illetes, 21, 07181 Cas Català-Illetes, Illes Balears",ChIJNSjOutiNlxIRCU9KFKrLdqs,http://www.westcoastdivers.de/,https://maps.google.com/?cid=12355286559082827529&g_mp=Cidnb29nbGUubWFwcy5wbGFjZXMudjEuUGxhY2VzLlNlYXJjaFRleHQQAhgEIAA,,
activity,Experience Mallorca,4.7,166,Llucmajor,"Poligono Son Noguera, 7, 07609 Llucmajor, Illes Balears",ChIJL-F-koS8lxIR1xwMVUZ3BBI,http://www.experience-mallorca.com/,https://maps.google.com/?cid=1298293736547818711&g_mp=Cidnb29nbGUubWFwcy5wbGFjZXMudjEuUGxhY2VzLlNlYXJjaFRleHQQAhgEIAA,,
activity,Celler Ramanyà,4.9,165,Santa Maria del Camí,"Cami des coscois, 16, 07320 Santa Maria del Camí, Illes Balears",ChIJMaHNypnqlxIRufUNsFmjBfU,http://bodegaramanya.com/,https://maps.google.com/?cid=17655697519777019321&g_mp=Cidnb29nbGUubWFwcy5wbGFjZXMudjEuUGxhY2VzLlNlYXJjaFRleHQQAhgEIAA,,
activity,Quad Funtours Alcúdia,4.7,159,Alcúdia,"Repsol parking, Via de Corneli Àtic, 2P, 07400 Alcúdia, Illes Balears",ChIJH7uyxM8slhIR_-VaWAJrIPc,https://www.quad-funtours-alcudia.com/,https://maps.google.com/?cid=17807350584439399935&g_mp=Cidnb29nbGUubWFwcy5wbGFjZXMudjEuUGxhY2VzLlNlYXJjaFRleHQQAhgEIAA,,
activity,Excursiones Mallorca GuruWalk,4.8,155,Palma,"Carrer del Bisbe Jaume, 4, Ponent, 07015 Palma, Illes Balears",ChIJHUL6fQCTlxIRShiu6-KfOeg,https://www.guruwalk.com/es/a/palma-de-mallorca/v110-excursiones-palma-de-mallorca?ref=500196c4cgrnyn29pnr4,https://maps.google.com/?cid=16733581687437269066&g_mp=Cidnb29nbGUubWFwcy5wbGFjZXMudjEuUGxhY2VzLlNlYXJjaFRleHQQAhgEIAA,,
activity,Dive Inn Mallorca Tauchschule Tauchbasis für Tauchen Tauchschnupperkurs PADI Open Water,5,148,S'Illot,"C. del Lluç, 6, 07687 S'Illot, Illes Balears",ChIJrTcGzf1AlhIRF5NqL9uEbwo,https://diveinnmallorcacom.godaddysites.com/,https://maps.google.com/?cid=751965739722380055&g_mp=Cidnb29nbGUubWFwcy5wbGFjZXMudjEuUGxhY2VzLlNlYXJjaFRleHQQAhgEIAA,,
activity,Bladerunner Mallorca,4.8,140,Calvià,"Carrer Caravel·la, 1, 07181 Calvià, Illes Balears",ChIJ8YRNzS2JlxIRfHW3GjV6SpM,https://www.bladerunnermallorca.com/,https://maps.google.com/?cid=10613429840352081276&g_mp=Cidnb29nbGUubWFwcy5wbGFjZXMudjEuUGxhY2VzLlNlYXJjaFRleHQQAhgEIAA,,
activity,Platja Petita Cala Millor,4.6,140,Cala Millor,"Passeig Maritim de Cala Bona, 11, 07560 Cala Millor, Illes Balears",ChIJq7Ikms4_lhIRoZ5eW-t73cM,,https://maps.google.com/?cid=14113573058029461153&g_mp=Cidnb29nbGUubWFwcy5wbGFjZXMudjEuUGxhY2VzLlNlYXJjaFRleHQQAhgEIAA,,
activity,Mezzo Sailing,4.8,129,Port de Sóller,"Passeig Es Traves, 22, 07108 Port de Sóller, Illes Balears",ChIJTYJHY_vllxIRxv48r1XsfNQ,http://www.perfectcharter.com/,https://maps.google.com/?cid=15311372685909229254&g_mp=Cidnb29nbGUubWFwcy5wbGFjZXMudjEuUGxhY2VzLlNlYXJjaFRleHQQAhgEIAA,,
activity,Petro Divers: Tauchen auf Mallorca,4.9,126,Portopetro,"Plaça d'es Calo d'es Moix, 8, 07691 Portopetro, Illes Balears",ChIJ-0qYZC1RlhIRZOUHzjSxqg8,https://www.petrodivers.com/,https://maps.google.com/?cid=1128909496962770276&g_mp=Cidnb29nbGUubWFwcy5wbGFjZXMudjEuUGxhY2VzLlNlYXJjaFRleHQQAhgEIAA,,
activity,Active Alcudia,4.9,124,Alcúdia,"Camí de Ronda, 55b, 07400 Alcúdia, Illes Balears",ChIJucGNLJ8slhIR1TrDCWf6d_Q,http://www.activealcudia.org/,https://maps.google.com/?cid=17615823787935349461&g_mp=Cidnb29nbGUubWFwcy5wbGFjZXMudjEuUGxhY2VzLlNlYXJjaFRleHQQAhgEIAA,,
activity,Sa Roqueta Jet Ski,5,122,Cala Millor,"JCP7+68, 07560 Costa des Pins, Illes Balears",ChIJyXv3ErpXP60RLJhoyufjOMc,https://www.saroquetajetski.com/,https://maps.google.com/?cid=14355474396916258860&g_mp=Cidnb29nbGUubWFwcy5wbGFjZXMudjEuUGxhY2VzLlNlYXJjaFRleHQQAhgEIAA,,
activity,Mallorca Mountains,4.9,113,Manacor,"Via Alemanya, 19, 07500 Manacor, Illes Balears",ChIJ6xrNsEZzMy4RaQYH7TQ6iZE,http://www.mallorcamountains.com/en,https://maps.google.com/?cid=10486977206298281577&g_mp=Cidnb29nbGUubWFwcy5wbGFjZXMudjEuUGxhY2VzLlNlYXJjaFRleHQQAhgEIAA,,
activity,Portocolom Adventure Trips,4.8,111,Felanitx,"C. del Llevant, 101, 07670 Felanitx, Illes Balears",ChIJiRLlRBNblhIRDWDZHxfC8lk,http://www.portocolomadventuretrips.com/,https://maps.google.com/?cid=6481456218313941005&g_mp=Cidnb29nbGUubWFwcy5wbGFjZXMudjEuUGxhY2VzLlNlYXJjaFRleHQQAhgEIAA,,
activity,Quad Tours Cala Millor,4.8,109,Cala Millor,"Carrer Bonança, 16, 07560 Cala Millor, Illes Balears",ChIJeYMbiH5AlhIREHdhsBvRdyQ,https://www.buggy4.fun/,https://maps.google.com/?cid=2627798824447473424&g_mp=Cidnb29nbGUubWFwcy5wbGFjZXMudjEuUGxhY2VzLlNlYXJjaFRleHQQAhgEIAA,,
activity,Explora Mallorca,4.9,103,Palma,"Centre, 07001 Palma, Illes Balears",ChIJr10jHqiTlxIRxsDWI-FtWIs,http://www.exploramallorca.com/,https://maps.google.com/?cid=10040896182958866630&g_mp=Cidnb29nbGUubWFwcy5wbGFjZXMudjEuUGxhY2VzLlNlYXJjaFRleHQQAhgEIAA,,
activity,Cala Torta,4.7,102,Colònia de Sant Pere,"Cala Torta, 07579, Illes Balears",ChIJ1UdGEFk9lhIRt_fy1jsgcsI,,https://maps.google.com/?cid=14011296832084441015&g_mp=Cidnb29nbGUubWFwcy5wbGFjZXMudjEuUGxhY2VzLlNlYXJjaFRleHQQAhgEIAA,,
activity,Kayak Tour Mallorca,4.9,98,Porto Cristo,"Passeig Estany d'en Mas, 165, 07680 S'Estany den Mas, Illes Balears",ChIJWeexxkZFlhIRc1zhT3OPy00,https://kayaktourmallorca.com/,https://maps.google.com/?cid=5605731886616894579&g_mp=Cidnb29nbGUubWFwcy5wbGFjZXMudjEuUGxhY2VzLlNlYXJjaFRleHQQAhgEIAA,,
activity,Magic Mallorca,4.9,91,Palma,"Carrer d'Eusebi Estada, 79, Nord, 07004 Palma, Illes Balears",ChIJZYKWEgCTlxIRYhx3Lp_Mc3Y,https://magicmallorca.es/,https://maps.google.com/?cid=8535390702848646242&g_mp=Cidnb29nbGUubWFwcy5wbGFjZXMudjEuUGxhY2VzLlNlYXJjaFRleHQQAhgEIAA,,
activity,One Jetski Cala D’Or,4.8,91,Cala d'Or,"Avinguda de Cala Llonga, 07660 Cala d'Or, Illes Balears",ChIJ-8DNYp5RlhIRHC39ZhyQqNI,https://www.onejetskicalador.com/,https://maps.google.com/?cid=15179540995713608988&g_mp=Cidnb29nbGUubWFwcy5wbGFjZXMudjEuUGxhY2VzLlNlYXJjaFRleHQQAhgEIAA,,
activity,Adventurers Mallorca,5,90,Binissalem,"Carrer des Pou Bo, nº 55, 2º, 07350 Binissalem, Illes Balears",ChIJAXEBWXvBlxIR1IaxQ3FJLPQ,https://www.adventurersmallorca.com/,https://maps.google.com/?cid=17594518595045525204&g_mp=Cidnb29nbGUubWFwcy5wbGFjZXMudjEuUGxhY2VzLlNlYXJjaFRleHQQAhgEIAA,,
activity,Wandern Mallorca/Wander Jürgen Mallorca,5,84,Peguera,"Carrer de, Carrer Bella Vista, 07160 Peguera, Illes Balears",ChIJiQURJh0nmBIR9dZ_uol8wtc,,https://maps.google.com/?cid=15547125794617677557&g_mp=Cidnb29nbGUubWFwcy5wbGFjZXMudjEuUGxhY2VzLlNlYXJjaFRleHQQAhgEIAA,,
activity,Santuiri (Pollensa ),4.3,83,Pollença,"07460 Pollença, Illes Balears",ChIJexTlWRbUlxIRQZ8IHCWyWWY,,https://maps.google.com/?cid=7375121737249759041&g_mp=Cidnb29nbGUubWFwcy5wbGFjZXMudjEuUGxhY2VzLlNlYXJjaFRleHQQAhgEIAA,,
activity,Premier Tours Mallorca,5,80,Palma,"Carrer de Victorio Luzuriaga, 24, Ponent, 07015 Sant Agustí, Illes Balears",ChIJaRWys8ONlxIRbtfuwRGXUbY,http://www.premiertoursmallorca.com/,https://maps.google.com/?cid=13137447690540341102&g_mp=Cidnb29nbGUubWFwcy5wbGFjZXMudjEuUGxhY2VzLlNlYXJjaFRleHQQAhgEIAA,,
activity,"Tuent Adventure: Buceo, Kayak & Paddle Surf",5,79,Lluc,"Urbanización Cala Tuent, Poligono 2 C, nº2, 07315 Cala Tuent, Illes Balears",ChIJWeLN9ADdlxIRC8Vzfa5jGAU,http://www.tuentadventure.com/,https://maps.google.com/?cid=367152970710893835&g_mp=Cidnb29nbGUubWFwcy5wbGFjZXMudjEuUGxhY2VzLlNlYXJjaFRleHQQAhgEIAA,,
activity,Aparcamiento,4.4,79,Artà,"C. del Castellet, 07570 Artà, Illes Balears",ChIJd0eJE1w9lhIRH3unaHSGkMo,,https://maps.google.com/?cid=14596314226837912351&g_mp=Cidnb29nbGUubWFwcy5wbGFjZXMudjEuUGxhY2VzLlNlYXJjaFRleHQQAhgEIAA,,
activity,Jardins del Convent,4.6,76,Pollença,"Carrer de Miquel Capllonch, 7, 07460 Pollença, Illes Balears",ChIJ7_w3yaDWlxIRyWwt8ozVjZI,http://www.ajpollenca.net/,https://maps.google.com/?cid=10560331502588882121&g_mp=Cidnb29nbGUubWFwcy5wbGFjZXMudjEuUGxhY2VzLlNlYXJjaFRleHQQAhgEIAA,,
activity,No Frills Excursions,4.7,73,Port de Pollença,"Passeig Saralegui, 26, 07470 Port de Pollença, Illes Balears",ChIJW0RvCyHVlxIRQck1sNF1zrU,https://www.nofrills-excursions.com/,https://maps.google.com/?cid=13100537909532281153&g_mp=Cidnb29nbGUubWFwcy5wbGFjZXMudjEuUGxhY2VzLlNlYXJjaFRleHQQAhgEIAA,no-frills-excursions,ChIJEf2q15EslhIRHpzK9opAtQ0
activity,Aventura Mallorca Karakorum Adventure,5,69,Cala Ratjada,"c/neptuno, Carretera de sa Pedruscada, 40, 07590 Son Moll, Illes Balears",ChIJQf4yxmcWlhIRE48q8-h_imc,http://www.karakorum-adventure.com/,https://maps.google.com/?cid=7460916371181440787&g_mp=Cidnb29nbGUubWFwcy5wbGFjZXMudjEuUGxhY2VzLlNlYXJjaFRleHQQAhgEIAA,,
activity,Thommy's Quads,5,66,Palma,"Camí de les Meravelles, Platja de Palma i Pla de Sant Jordi, 07610 Palma, Illes Balears",ChIJfSN-An-XlxIRRCy93laf_-0,https://tantulika27.wixsite.com/travel/20,https://maps.google.com/?cid=17149601101503081540&g_mp=Cidnb29nbGUubWFwcy5wbGFjZXMudjEuUGxhY2VzLlNlYXJjaFRleHQQAhgEIAA,,
activity,Polideportivo Municipal de Peguera,4.3,65,Peguera,"Carrer Monte, 8, 07160 Peguera, Illes Balears",ChIJKfMUw1MnmBIRDUOs3Fh8-uA,https://calviadeportes.com/polideportivo-de-peguera/,https://maps.google.com/?cid=16211406529774764813&g_mp=Cidnb29nbGUubWFwcy5wbGFjZXMudjEuUGxhY2VzLlNlYXJjaFRleHQQAhgEIAA,,
activity,MallorcaFly - Vuelo parapente Alcúdia,4.7,64,Alcúdia,"Unnamed Road, 07400, 07400 Alcúdia, Illes Balears",ChIJ-6QTUG_TlxIR-tQ1Sr5pQiU,https://mallorcafly.es/,https://maps.google.com/?cid=2684824593875981562&g_mp=Cidnb29nbGUubWFwcy5wbGFjZXMudjEuUGxhY2VzLlNlYXJjaFRleHQQAhgEIAA,,
activity,GOJET Port Pollensa JET SKI Tours,5,62,Port de Pollença,"Passeig Saralegui, 27, 07470 Port de Pollença, Illes Balears",ChIJNXgoEZnVlxIRgtIvBcgHYGo,https://www.gojetmallorca.com/,https://maps.google.com/?cid=7665135121446457986&g_mp=Cidnb29nbGUubWFwcy5wbGFjZXMudjEuUGxhY2VzLlNlYXJjaFRleHQQAhgEIAA,,
activity,SecretPointMallorca Kayak,5,62,Portopetro,"Carrer de la Barca Trencada, 07691 Portopetro, Illes Balears",ChIJF2OJ6ZxXlhIRcnJ1lJkzv48,https://www.instagram.com/secret_point_mallorca/,https://maps.google.com/?cid=10358054402689167986&g_mp=Cidnb29nbGUubWFwcy5wbGFjZXMudjEuUGxhY2VzLlNlYXJjaFRleHQQAhgEIAA,,
activity,Món Aventura Kayak Rental,4.5,62,Pollença,"Cala Molins, 07469 Pollença, Illes Balears",ChIJZfLNpwrVlxIRY-Pab9PjMxs,http://mondaventura.com/es/actividades-mallorca-pollensa/alquiler-kayak-piragua-stand-up-paddle-board-sup/,https://maps.google.com/?cid=1960160760090518371&g_mp=Cidnb29nbGUubWFwcy5wbGFjZXMudjEuUGxhY2VzLlNlYXJjaFRleHQQAhgEIAA,,
activity,GOJET Alcudia QUAD Tours,4.8,61,Port d'Alcúdia,"Avinguda de Mèxic, 4, 07400 Port d'Alcúdia, Illes Balears",ChIJV8JuvIEtlhIRKev22SHaPkY,https://www.gojetmallorca.com/quads,https://maps.google.com/?cid=5061722870136630057&g_mp=Cidnb29nbGUubWFwcy5wbGFjZXMudjEuUGxhY2VzLlNlYXJjaFRleHQQAhgEIAA,,
activity,GREENTOURS PALMA,4.9,60,Palma,"Travessa d'en Ballester, 8, Centre, 07002 Palma, Illes Balears",ChIJzQQhkj6TlxIRznKBX9QBsSs,http://www.greentourspalma.es/,https://maps.google.com/?cid=3148299626155700942&g_mp=Cidnb29nbGUubWFwcy5wbGFjZXMudjEuUGxhY2VzLlNlYXJjaFRleHQQAhgEIAA,,
activity,NKV EXCURSIONS,4.9,57,Alcúdia,"Carretera d'Artà, 1, 07400 Alcúdia, Illes Balears",ChIJtSsxtUstlhIRlu0gSWQTL_Q,https://www.instagram.com/nkv_excursiones/,https://maps.google.com/?cid=17595303590604369302&g_mp=Cidnb29nbGUubWFwcy5wbGFjZXMudjEuUGxhY2VzLlNlYXJjaFRleHQQAhgEIAA,,
activity,Quad-Mallorca,4.6,56,Andratx,"Carrer Pere Seriol, 8, 07150 Andratx, Illes Balears",ChIJJW6cUvogmBIR-Ow7nUtQgYc,http://www.quad-mallorca.com/,https://maps.google.com/?cid=9764173752806665464&g_mp=Cidnb29nbGUubWFwcy5wbGFjZXMudjEuUGxhY2VzLlNlYXJjaFRleHQQAhgEIAA,,
activity,Central Fun Park,4.2,55,Cala d'Or,"Carrer de l'Aguila, 7, 07660 Cala d'Or, Illes Balears",ChIJexx0Z85RlhIRxOaQ0JKuwf8,,https://maps.google.com/?cid=18429203095764395716&g_mp=Cidnb29nbGUubWFwcy5wbGFjZXMudjEuUGxhY2VzLlNlYXJjaFRleHQQAhgEIAA,,
activity,Vela Charter Balear,4.7,53,Porto Cristo,"Carretera del Moll, 07680 Porto Cristo, Illes Balears",ChIJiTmeJjdHlhIR02sRhNQ7O3k,https://velacharterbalear.com/,https://maps.google.com/?cid=8735641686150048723&g_mp=Cidnb29nbGUubWFwcy5wbGFjZXMudjEuUGxhY2VzLlNlYXJjaFRleHQQAhgEIAA,,
activity,Mallorca Travel Tours. Guía oficial. Tours y visitas privadas,4.9,51,Palma,"Plaça de la Porta de Santa Catalina, 19, Centre, 07012 Palma, Illes Balears",ChIJd_D6vLmTlxIRjiD5ud2qtsA,https://www.mallorcatraveltours.com/es/,https://maps.google.com/?cid=13886474370328109198&g_mp=Cidnb29nbGUubWFwcy5wbGFjZXMudjEuUGxhY2VzLlNlYXJjaFRleHQQAhgEIAA,,
activity,Força de Sóller - Gym & Strength Training,4.9,51,Sóller,"Carrer de Pare Catany, 1, 07100 Sóller, Illes Balears",ChIJ0XVLWWHplxIRZ_EkgtjuC2Y,http://www.forcasoller.com/,https://maps.google.com/?cid=7353233430276272487&g_mp=Cidnb29nbGUubWFwcy5wbGFjZXMudjEuUGxhY2VzLlNlYXJjaFRleHQQAhgEIAA,,
activity,Ruta Pollença-Lluc,4.9,51,Pollença,"07460 Pollença, Illes Balears",ChIJRUjLBDHXlxIRzsN7g9CZ-mI,,https://maps.google.com/?cid=7132182080732775374&g_mp=Cidnb29nbGUubWFwcy5wbGFjZXMudjEuUGxhY2VzLlNlYXJjaFRleHQQAhgEIAA,,
activity,Duplicat Artà - Gràfiques Artà,4.8,51,Artà,"Carrer de Maria Ignàcia Morell Fonts dels Olors, 8, 07570 Artà, Illes Balears",ChIJy1Bj-7g7lhIRnNmzA-C4L_o,https://duplicatarta.com/,https://maps.google.com/?cid=18027831105661688220&g_mp=Cidnb29nbGUubWFwcy5wbGFjZXMudjEuUGxhY2VzLlNlYXJjaFRleHQQAhgEIAA,,
activity,Peguera,4.7,50,Peguera,"Carrer Mareselva, 3, 07160 Peguera, Illes Balears",ChIJNfwSwgEnmBIRNJIMSR7wwGE,,https://maps.google.com/?cid=7043893830072701492&g_mp=Cidnb29nbGUubWFwcy5wbGFjZXMudjEuUGxhY2VzLlNlYXJjaFRleHQQAhgEIAA,,
activity,Elysium Eco Boat Experience,5,49,Port d'Alcúdia,"Carrer de l'Hostaleria, 6, 07400 Port d'Alcúdia, Illes Balears",ChIJERP_IM6lryYR0qKYU_Qc9Lc,https://elysiumecoboat.com/,https://maps.google.com/?cid=13255251438958322386&g_mp=Cidnb29nbGUubWFwcy5wbGFjZXMudjEuUGxhY2VzLlNlYXJjaFRleHQQAhgEIAA,,
activity,Blue Sea Charter Cala d'Or,5,49,Cala d'Or,"Avinguda de Cala Llonga, 07660 Cala d'Or, Illes Balears",ChIJzfDObuZRlhIROrCEr0_Zce0,https://blueseacharter.com/,https://maps.google.com/?cid=17109695395627577402&g_mp=Cidnb29nbGUubWFwcy5wbGFjZXMudjEuUGxhY2VzLlNlYXJjaFRleHQQAhgEIAA,,
activity,Nofrills Excursions - Las Gaviotas,4.5,46,Playa de Muro,"Avinguda S' Albufera 53- Carretera de Arta-Alcudia, 07458 Playa de Muro, Illes Balears",ChIJzTZECyEtlhIRWdlDMTGaLRc,https://www.nofrills-excursions.com/,https://maps.google.com/?cid=1670160572894927193&g_mp=Cidnb29nbGUubWFwcy5wbGFjZXMudjEuUGxhY2VzLlNlYXJjaFRleHQQAhgEIAA,,
activity,Moonfish Boat Tours - Cala Millor,4.3,45,Cala Millor,"Polígon Den Joan Llinàs, 14, 07560 Cala Millor, Illes Balears",ChIJCZVny9Q_lhIR3UD-Gxgmn3s,https://moonfishcat.es/,https://maps.google.com/?cid=8907880472952848605&g_mp=Cidnb29nbGUubWFwcy5wbGFjZXMudjEuUGxhY2VzLlNlYXJjaFRleHQQAhgEIAA,,
activity,Quad Touren Mallorca by Sebastian Zeilhofer,5,42,Peguera,"Bulevar de Peguera, 61, 07160 Peguera, Illes Balears",ChIJEdAwPIMnmBIRqJq3229wXmY,https://www.quad-touren-mallorca.com/,https://maps.google.com/?cid=7376456865409374888&g_mp=Cidnb29nbGUubWFwcy5wbGFjZXMudjEuUGxhY2VzLlNlYXJjaFRleHQQAhgEIAA,,
activity,NORTH COAST ADVENTURE,4.9,39,Can Picafort,"CLUB NAUTICO DE, Carrer Cervantes, 07458 Can Picafort, Illes Balears",ChIJu_bzMUUzlhIRGVUQD-bIEiE,https://www.northcoastadventure.es/,https://maps.google.com/?cid=2383188043253175577&g_mp=Cidnb29nbGUubWFwcy5wbGFjZXMudjEuUGxhY2VzLlNlYXJjaFRleHQQAhgEIAA,,
activity,Punta de sa Galera,4.8,39,Santanyí,"Av. d'es Fortí, 71, 07660 Santanyí, Illes Balears",ChIJ0wu__8tQlhIRJRMG6hmwaik,,https://maps.google.com/?cid=2984391328433312549&g_mp=Cidnb29nbGUubWFwcy5wbGFjZXMudjEuUGxhY2VzLlNlYXJjaFRleHQQAhgEIAA,,
activity,Sóller SUP,4.9,37,Port de Sóller,"Passeig Es Traves, 10, 07100 Port de Sóller, Illes Balears",ChIJSUtIsv3llxIRBMHKA8xjeOQ,http://www.sollersup.com/en/,https://maps.google.com/?cid=16463018165740945668&g_mp=Cidnb29nbGUubWFwcy5wbGFjZXMudjEuUGxhY2VzLlNlYXJjaFRleHQQAhgEIAA,,
activity,Mallorca en Barco,4.5,36,Manacor,"Carrer de la Vela, 29, 07680 Manacor, Illes Balears",ChIJR_fzT7RGlhIRMqUyc_A-EDI,https://www.mallorcaenbarcocharter.com/,https://maps.google.com/?cid=3607452503969539378&g_mp=Cidnb29nbGUubWFwcy5wbGFjZXMudjEuUGxhY2VzLlNlYXJjaFRleHQQAhgEIAA,,
activity,Lurion Mallorca | Exclusive experiences and activities,5,31,Palma,"C. de Colubí, 4, Ponent, 07013 Palma, Illes Balears",ChIJidcAHqWTlxIR5k3MDkG36t0,https://www.lurionmallorca.com/en/?utm_source=google&utm_medium=organic&utm_campaign=my_business,https://maps.google.com/?cid=15990794916981394918&g_mp=Cidnb29nbGUubWFwcy5wbGFjZXMudjEuUGxhY2VzLlNlYXJjaFRleHQQAhgEIAA,,
activity,Mallorca Culinary Tours,5,31,Portocolom,"Carrer del Vapor Santueri, 46, 07670 Portocolom, Illes Balears",ChIJt6LR93JQlhIRLuFxwj5sR64,http://www.mallorcaculinarytours.com/,https://maps.google.com/?cid=12558125102751932718&g_mp=Cidnb29nbGUubWFwcy5wbGFjZXMudjEuUGxhY2VzLlNlYXJjaFRleHQQAhgEIAA,,
activity,The English Walking Guide,5,31,Sóller,"Carrer de Puerto Rico, 9, 07108 Sóller, Illes Balears",ChIJh-q-5-nnlxIR-Lu7ncCR4s8,http://www.theenglishwalkingguide.com/,https://maps.google.com/?cid=14979695567053765624&g_mp=Cidnb29nbGUubWFwcy5wbGFjZXMudjEuUGxhY2VzLlNlYXJjaFRleHQQAhgEIAA,,
activity,El Pas Vermell,4.6,31,Sant Elm,"Unnamed Road, 07159, 07159, Illes Balears",ChIJhStxyF8jmBIRbwBaS0DyBws,,https://maps.google.com/?cid=794870217210200175&g_mp=Cidnb29nbGUubWFwcy5wbGFjZXMudjEuUGxhY2VzLlNlYXJjaFRleHQQAhgEIAA,,
activity,Aloha Vibes,5,29,Cala d'Or,"Marina, Avenge de, J7, Avinguda de Cala Llonga, 07660 Cala d'Or, Illes Balears",ChIJtb2Lv3BRlhIRiiFXyLWE6YI,https://www.alohavibes.es/,https://maps.google.com/?cid=9433216810789314954&g_mp=Cidnb29nbGUubWFwcy5wbGFjZXMudjEuUGxhY2VzLlNlYXJjaFRleHQQAhgEIAA,,
activity,Sa Calma Boats: Ferry Andratx - Dragonera - Sant Elm,4.8,29,Port d'Andratx,"G9WQ+GXW, 07157 Port d'Andratx, Illes Balears",ChIJkymCUH8hmBIRJik8YvjkzxI,https://www.sacalmaboats.com/,https://maps.google.com/?cid=1355553768312940838&g_mp=Cidnb29nbGUubWFwcy5wbGFjZXMudjEuUGxhY2VzLlNlYXJjaFRleHQQAhgEIAA,,
activity,Free Soul — Centre de dansa,4.7,29,Porto Cristo,"Carr. del Port, 132, bajos, 07680 Porto Cristo, Illes Balears",ChIJp9KcntJHlhIRR-NZtYCZuiE,,https://maps.google.com/?cid=2430423726997234503&g_mp=Cidnb29nbGUubWFwcy5wbGFjZXMudjEuUGxhY2VzLlNlYXJjaFRleHQQAhgEIAA,,
activity,Mallorca Blue Sea,5,27,Palma,"Carrer Miquel Santandreu, 38, Llevant, 07006 Palma, Illes Balears",ChIJlc2rx9EtlhIR4q0OAWAlHpk,https://mallorcabluesea.com/,https://maps.google.com/?cid=11033297231369121250&g_mp=Cidnb29nbGUubWFwcy5wbGFjZXMudjEuUGxhY2VzLlNlYXJjaFRleHQQAhgEIAA,,
activity,GOJET Excursions,5,26,Can Picafort,"Av. del Llac, 2a, 07458 Muro, Illes Balears",ChIJb72RGcwtlhIRCtH-CNwqeQo,http://www.gojetmallorca.com/,https://maps.google.com/?cid=754681537093357834&g_mp=Cidnb29nbGUubWFwcy5wbGFjZXMudjEuUGxhY2VzLlNlYXJjaFRleHQQAhgEIAA,,
activity,Buggy Tours Paguera,4.9,26,Peguera,"Bulevar de Peguera, 36, 07160 Peguera, Illes Balears",ChIJQd5G0VYnmBIRipPv2gTXRKk,http://www.buggy-touren-mallorca.com/,https://maps.google.com/?cid=12197110106679120778&g_mp=Cidnb29nbGUubWFwcy5wbGFjZXMudjEuUGxhY2VzLlNlYXJjaFRleHQQAhgEIAA,,
activity,Mallorca Activities,4.6,22,Santa Maria del Camí,"Quarter VII, 51, 07320 Santa Maria del Camí, Illes Balears",ChIJMdk4-tTDlxIRuu4GgLQ0XS4,http://www.mallorca-activities.com/,https://maps.google.com/?cid=3340884448425471674&g_mp=Cidnb29nbGUubWFwcy5wbGFjZXMudjEuUGxhY2VzLlNlYXJjaFRleHQQAhgEIAA,,
activity,Mallorca from the Sky - Vuelos Alcudia,5,21,Alcúdia,"No name, 07400 Alcúdia, Illes Balears",ChIJ8ZcK_CnTlxIRG2mH3uk6WnM,https://www.mallorcafromthesky.com/,https://maps.google.com/?cid=8312020838400878875&g_mp=Cidnb29nbGUubWFwcy5wbGFjZXMudjEuUGxhY2VzLlNlYXJjaFRleHQQAhgEIAA,,
activity,Excursiones y Actividades en Mallorca | Runaway Experiences,4.8,21,Peguera,"Bulevar de Peguera, 56, 07160 Peguera, Illes Balears",ChIJ0xCmpsUnmBIRk2PuHUgZoJg,https://runawayexperiences.com/es/experiencias/mallorca,https://maps.google.com/?cid=10997818087569253267&g_mp=Cidnb29nbGUubWFwcy5wbGFjZXMudjEuUGxhY2VzLlNlYXJjaFRleHQQAhgEIAA,,
activity,Piraguas GM,4.6,21,Palma,"Carrer Curtixo, Nº 30, Llevant, 07008 Palma, Illes Balears",ChIJVVVsYG-TlxIR33_xwfR6Y2k,https://piraguasgm.com/,https://maps.google.com/?cid=7594048588321226719&g_mp=Cidnb29nbGUubWFwcy5wbGFjZXMudjEuUGxhY2VzLlNlYXJjaFRleHQQAhgEIAA,,
activity,Parque infantil de Peguera,4.4,21,Peguera,"Carrer de la Mimosa, 2, 07160 Peguera, Illes Balears",ChIJLx6imU4nmBIRSm4uyqFfswM,,https://maps.google.com/?cid=266661951431405130&g_mp=Cidnb29nbGUubWFwcy5wbGFjZXMudjEuUGxhY2VzLlNlYXJjaFRleHQQAhgEIAA,,
activity,Alcudia Horses,4.8,20,Alcúdia,"Avinguda de Mèxic, 2, 07400 Alcúdia, Illes Balears",ChIJgepbLaEtlhIRLQRRruoWDNs,https://alcudiahorses.com/,https://maps.google.com/?cid=15784015991229449261&g_mp=Cidnb29nbGUubWFwcy5wbGFjZXMudjEuUGxhY2VzLlNlYXJjaFRleHQQAhgEIAA,,
beach,Playa S' Arenal,4.4,2623,S'Arenal,"Playa S' Arenal, Av. Miramar, 7, 07600 Llucmajor, Illes Balears",ChIJAzJBWE6WlxIRFyJeJvdHBgI,,https://maps.google.com/?cid=145883164762317335&g_mp=Cidnb29nbGUubWFwcy5wbGFjZXMudjEuUGxhY2VzLlNlYXJjaFRleHQQAhgEIAA,,
beach,5illes BEACH&SUNSET (PLAYA),4.1,2438,Colonia de Sant Jordi,"PLATJA DE S'ESTANY, 07638 Colònia de Sant Jordi, Illes Balears",ChIJM7UrxQaplxIRjzxAKLPbH_g,https://5illesmallorca.com/restaurante-en-la-playa/,https://maps.google.com/?cid=17879250608205085839&g_mp=Cidnb29nbGUubWFwcy5wbGFjZXMudjEuUGxhY2VzLlNlYXJjaFRleHQQAhgEIAA,,
beach,Caló des Monjo,4.6,1840,Calvià,"07160 Calvià, Illes Balears",ChIJS69-xiQnmBIR0orlScbYSlc,,https://maps.google.com/?cid=6290078175731223250&g_mp=Cidnb29nbGUubWFwcy5wbGFjZXMudjEuUGxhY2VzLlNlYXJjaFRleHQQAhgEIAA,,
beach,Playa de Cala Barques,4.4,1235,Cala Sant Vicenç,"Platja de Cala Barques, Carrer Cala Barques, 5, 07469 Cala de Sant Vicenç, Illes Balears",ChIJCahvd5_VlxIRmZuYD1HHp_Y,,https://maps.google.com/?cid=17773393605408889753&g_mp=Cidnb29nbGUubWFwcy5wbGFjZXMudjEuUGxhY2VzLlNlYXJjaFRleHQQAhgEIAA,,
beach,Playa Cala Blanca,4.5,1195,Costa de la Calma,"Carrer Huguet des Far, 23A, 07183, Illes Balears",ChIJmdNGfd2JlxIRzUIAJMnHCwE,,https://maps.google.com/?cid=75373485488095949&g_mp=Cidnb29nbGUubWFwcy5wbGFjZXMudjEuUGxhY2VzLlNlYXJjaFRleHQQAhgEIAA,,
beach,Cala Mosques,4.5,1077,Llucmajor,"Carrer de Recalde, 10, 07609 Llucmajor, Illes Balears",ChIJi2lBiy6XlxIRj4-EJG7JfUg,,https://maps.google.com/?cid=5223552617715896207&g_mp=Cidnb29nbGUubWFwcy5wbGFjZXMudjEuUGxhY2VzLlNlYXJjaFRleHQQAhgEIAA,,
beach,Sa Font de Sa Cala,4.5,1066,Canyamel,"la Font de la Cala, Av. Provensals, 27, 07589 Cala Provençals, Illes Balears",ChIJIyITtdcVlhIRGgYscbfyfCM,,https://maps.google.com/?cid=2557185558131246618&g_mp=Cidnb29nbGUubWFwcy5wbGFjZXMudjEuUGxhY2VzLlNlYXJjaFRleHQQAhgEIAA,,
beach,Playa Pollença,4.5,960,Pollença,"Playa Pollença, Carrer Hernán Cortés, 2, 4, 07470 Pollença, Illes Balears",ChIJDwxyhzLVlxIRk0L9_59TjSk,,https://maps.google.com/?cid=2994141273930941075&g_mp=Cidnb29nbGUubWFwcy5wbGFjZXMudjEuUGxhY2VzLlNlYXJjaFRleHQQAhgEIAA,,
beach,Cala Murta,4.6,920,Pollença,"Diseminado Poligono 9, 233, 07460, Illes Balears",ChIJ8aUZUFSHvRIRR3uZ9LJLjPU,,https://maps.google.com/?cid=17693600268011797319&g_mp=Cidnb29nbGUubWFwcy5wbGFjZXMudjEuUGxhY2VzLlNlYXJjaFRleHQQAhgEIAA,,
beach,Playa Son Moll,4.4,824,Cala Ratjada,"07590 Cala Rajada, Illes Balears",ChIJSyRqPVkWlhIR35fBCKfZlZI,,https://maps.google.com/?cid=10562587812497037279&g_mp=Cidnb29nbGUubWFwcy5wbGFjZXMudjEuUGxhY2VzLlNlYXJjaFRleHQQAhgEIAA,,
beach,Cala Bóquer,4.6,696,Pollença,"Cala Bóquer, 07460 Pollença, Illes Balears",ChIJS1Y_l03VlxIRRIyueas8t0c,,https://maps.google.com/?cid=5167665804609489988&g_mp=Cidnb29nbGUubWFwcy5wbGFjZXMudjEuUGxhY2VzLlNlYXJjaFRleHQQAhgEIAA,,
beach,Platja des Dolç,4.4,663,Ses Salines,"Platja des Dolç, 07640, Illes Balears",ChIJ2bG6JJmplxIR6-XSQ8C51Oc,,https://maps.google.com/?cid=16705181153246766571&g_mp=Cidnb29nbGUubWFwcy5wbGFjZXMudjEuUGxhY2VzLlNlYXJjaFRleHQQAhgEIAA,,
beach,Playa de Cala Clara,4.5,539,Cala Sant Vicenç,"Carrer Cala Clara, 20, 22, 07469 Cala de Sant Vicenç, Illes Balears",ChIJuRWSiZ_VlxIRMKndAmG0I9s,,https://maps.google.com/?cid=15790663047243999536&g_mp=Cidnb29nbGUubWFwcy5wbGFjZXMudjEuUGxhY2VzLlNlYXJjaFRleHQQAhgEIAA,,
beach,Platja de Cala Galiota,4.3,442,Colonia de Sant Jordi,"Platja de Cala Galiota, 07638 Ses Salines, Illes Balears",ChIJoWGia6OplxIRgy-qSXjuUoo,,https://maps.google.com/?cid=9967291125723705219&g_mp=Cidnb29nbGUubWFwcy5wbGFjZXMudjEuUGxhY2VzLlNlYXJjaFRleHQQAhgEIAA,,
beach,Cala Blanca,4.2,422,Andratx,"Cala Blanca, Camí Cala Blanca, 1Y, 07160 Andratx, Illes Balears",ChIJWR293sgmmBIRhIVNpsf8V3k,,https://maps.google.com/?cid=8743735135981897092&g_mp=Cidnb29nbGUubWFwcy5wbGFjZXMudjEuUGxhY2VzLlNlYXJjaFRleHQQAhgEIAA,,
beach,Platja d'Alcudia,4.8,383,Port d'Alcúdia,Platja d'Alcudia,ChIJ4b3O-d0slhIRNetnecmIdks,,https://maps.google.com/?cid=5437683999003110197&g_mp=Cidnb29nbGUubWFwcy5wbGFjZXMudjEuUGxhY2VzLlNlYXJjaFRleHQQAhgEIAA,platja-d-alcudia,ChIJB4iV9bwtlhIReCdJYb3VkLA
beach,Playa Roca de Camp de Mar,4.5,365,Camp de Mar,"Playa Roca de Camp de Mar, Via Francisca Capllonch Plomer, 20, 07160 Camp de Mar, Illes Balears",ChIJt7SocNYmmBIR9VD20VGQmI4,,https://maps.google.com/?cid=10275121230935118069&g_mp=Cidnb29nbGUubWFwcy5wbGFjZXMudjEuUGxhY2VzLlNlYXJjaFRleHQQAhgEIAA,,
beach,Playa De Los Pinos,4.6,345,Alcúdia,"Playa De Los Pinos, Carretera d'Artà, 107, 07400 Alcúdia, Illes Balears",ChIJ0VVoNNwslhIR70Eb2B8MuFg,,https://maps.google.com/?cid=6392873001961603567&g_mp=Cidnb29nbGUubWFwcy5wbGFjZXMudjEuUGxhY2VzLlNlYXJjaFRleHQQAhgEIAA,,
beach,Cala Llamp,4.6,344,Andratx,"Andratx, Illes Balears",ChIJC1G_AfwnmBIRRT1nNJCR3vM,,https://maps.google.com/?cid=17572642844586753349&g_mp=Cidnb29nbGUubWFwcy5wbGFjZXMudjEuUGxhY2VzLlNlYXJjaFRleHQQAhgEIAA,,
beach,Alcudia Beach,4.7,340,Playa de Muro,"Muro, 07458 Platja de Muro, Illes Balears",ChIJnc9ZxaItlhIRUki_1h76Qog,,https://maps.google.com/?cid=9818685147979925586&g_mp=Cidnb29nbGUubWFwcy5wbGFjZXMudjEuUGxhY2VzLlNlYXJjaFRleHQQAhgEIAA,,
beach,Sa Cala Beach Club / Adults Only,4,331,Cala d'Or,"Carrer de Cala Esmeralda, s/n, 07660 Cala d'Or, Illes Balears",ChIJh-YCJjtRlhIRt3aaPCRRReE,,https://maps.google.com/?cid=16232469648004249271&g_mp=Cidnb29nbGUubWFwcy5wbGFjZXMudjEuUGxhY2VzLlNlYXJjaFRleHQQAhgEIAA,,
beach,Platja de Cala Conills,4.5,310,Andratx,"Platja de Cala Conills, Carrer Cala es Conills, 44A, 07159 Andratx, Illes Balears",ChIJn7omGrsjmBIR_i4tVmqfljc,,https://maps.google.com/?cid=4005564197653786366&g_mp=Cidnb29nbGUubWFwcy5wbGFjZXMudjEuUGxhY2VzLlNlYXJjaFRleHQQAhgEIAA,,
beach,Cala d'Egos,4.6,282,Andratx,"Andratx, 07159, Illes Balears",ChIJQSSwBvIjmBIRRS7tq4JeRGA,,https://maps.google.com/?cid=6936773241380613701&g_mp=Cidnb29nbGUubWFwcy5wbGFjZXMudjEuUGxhY2VzLlNlYXJjaFRleHQQAhgEIAA,,
beach,Caló Fort,4.5,281,Llucmajor,"Carrer Torneig, 4, 07609 Llucmajor, Illes Balears",ChIJGZpJaNGXlxIRsvk0qhqFxWU,,https://maps.google.com/?cid=7333413917813963186&g_mp=Cidnb29nbGUubWFwcy5wbGFjZXMudjEuUGxhY2VzLlNlYXJjaFRleHQQAhgEIAA,,
beach,Cap de Ses Salines,4.6,278,Santanyí,"Cap de Ses Salines, 07650, Illes Balears",ChIJOw1Nx40AlxIRSx-7uuhaaVc,,https://maps.google.com/?cid=6298665509466087243&g_mp=Cidnb29nbGUubWFwcy5wbGFjZXMudjEuUGxhY2VzLlNlYXJjaFRleHQQAhgEIAA,,
beach,Playas de Paguera,4.5,278,Peguera,"Playas de Paguera, Illes Balears",ChIJT565-U8nmBIRHCNAw8s8-Wc,,https://maps.google.com/?cid=7492086300959318812&g_mp=Cidnb29nbGUubWFwcy5wbGFjZXMudjEuUGxhY2VzLlNlYXJjaFRleHQQAhgEIAA,,
beach,Platja den Repic,4.3,271,Port de Sóller,"Platja den Repic, 07100 Port de Sóller, Balearic Islands",ChIJufY4YfnllxIR3yYS-0YwxXE,,https://maps.google.com/?cid=8198011778115970783&g_mp=Cidnb29nbGUubWFwcy5wbGFjZXMudjEuUGxhY2VzLlNlYXJjaFRleHQQAhgEIAA,,
beach,Playa Muro,4.4,262,Alcúdia,"Playa Muro, Carrer de la Vidalba, 10, 07400 Alcúdia, Illes Balears",ChIJB-R7ed4slhIRW7nck41lM_s,,https://maps.google.com/?cid=18100922986077665627&g_mp=Cidnb29nbGUubWFwcy5wbGFjZXMudjEuUGxhY2VzLlNlYXJjaFRleHQQAhgEIAA,,
beach,Platja de na Ferradura,4.4,262,Capdepera,"07590 Capdepera, Illes Balears",ChIJixgl4scXlhIRhjnot74ZxiU,,https://maps.google.com/?cid=2721891331711973766&g_mp=Cidnb29nbGUubWFwcy5wbGFjZXMudjEuUGxhY2VzLlNlYXJjaFRleHQQAhgEIAA,,
beach,Playa Es Carbó,4.5,256,Ses Salines,"07640 Ses Salines, Illes Balears",ChIJoeGezB-qlxIRScxzwsGD5uc,,https://maps.google.com/?cid=16710188335619099721&g_mp=Cidnb29nbGUubWFwcy5wbGFjZXMudjEuUGxhY2VzLlNlYXJjaFRleHQQAhgEIAA,,
beach,Cala Vella,4.6,236,Llucmajor,"07609 Llucmajor, Illes Balears",ChIJj93yVK-XlxIRYltNxmgz18c,,https://maps.google.com/?cid=14400034858637024098&g_mp=Cidnb29nbGUubWFwcy5wbGFjZXMudjEuUGxhY2VzLlNlYXJjaFRleHQQAhgEIAA,,
beach,Cala S'Algar,4.6,235,Sant Elm,"07159 Sant Elm, Illes Balears",ChIJO0tfmc8jmBIReNSR1QEV508,,https://maps.google.com/?cid=5757593746238723192&g_mp=Cidnb29nbGUubWFwcy5wbGFjZXMudjEuUGxhY2VzLlNlYXJjaFRleHQQAhgEIAA,,
beach,Es Port,4.4,229,Colonia de Sant Jordi,"Es Port, 07638, Illes Balears",ChIJEVgLmJiplxIRNcF02HfGP7k,,https://maps.google.com/?cid=13348606038584377653&g_mp=Cidnb29nbGUubWFwcy5wbGFjZXMudjEuUGxhY2VzLlNlYXJjaFRleHQQAhgEIAA,,
beach,Platja Es Morer Vermell,4.3,227,Alcúdia,"Platja Es Morer Vermell, Avinguda del Morer Vermell, 07400 Alcúdia, Illes Balears",ChIJydvZcWQrlhIRmLs0jvKch38,,https://maps.google.com/?cid=9189486130254625688&g_mp=Cidnb29nbGUubWFwcy5wbGFjZXMudjEuUGxhY2VzLlNlYXJjaFRleHQQAhgEIAA,,
beach,Platja des Geperut,4.5,174,Sant Elm,"Platja des Geperut, 07159, Illes Balears",ChIJL28Rd68jmBIRIILIaSZIEDw,,https://maps.google.com/?cid=4328038571723751968&g_mp=Cidnb29nbGUubWFwcy5wbGFjZXMudjEuUGxhY2VzLlNlYXJjaFRleHQQAhgEIAA,,
beach,Sa Pedruscada,4.6,146,Capdepera,"07590 Capdepera, Illes Balears",ChIJXfArYVgXlhIRFwoEdssuVUk,,https://maps.google.com/?cid=5284181189182360087&g_mp=Cidnb29nbGUubWFwcy5wbGFjZXMudjEuUGxhY2VzLlNlYXJjaFRleHQQAhgEIAA,,
beach,Cala Bota,4.2,142,Manacor,"Cala Bota, 07689 Manacor, Balearic Islands",ChIJk3e8MmVFlhIRVJXKySR9VS4,,https://maps.google.com/?cid=3338712295722882388&g_mp=Cidnb29nbGUubWFwcy5wbGFjZXMudjEuUGxhY2VzLlNlYXJjaFRleHQQAhgEIAA,,
beach,Platja Petita Cala Millor,4.6,140,Cala Millor,"Passeig Maritim de Cala Bona, 11, 07560 Cala Millor, Illes Balears",ChIJq7Ikms4_lhIRoZ5eW-t73cM,,https://maps.google.com/?cid=14113573058029461153&g_mp=Cidnb29nbGUubWFwcy5wbGFjZXMudjEuUGxhY2VzLlNlYXJjaFRleHQQAhgEIAA,,
beach,Platja del Clot,4.4,127,Alcúdia,"Platja del Clot, Carrer Clot, 2, 07400 Alcúdia, Illes Balears",ChIJIck6yWYrlhIRpOPCWYKXvxQ,,https://maps.google.com/?cid=1495080187417781156&g_mp=Cidnb29nbGUubWFwcy5wbGFjZXMudjEuUGxhY2VzLlNlYXJjaFRleHQQAhgEIAA,,
beach,Es Marques,4.4,122,Mallorca,"Es Marques, Illes Balears",ChIJlWaM5AaplxIR1WwyTpgp0aw,,https://maps.google.com/?cid=12452780178779827413&g_mp=Cidnb29nbGUubWFwcy5wbGFjZXMudjEuUGxhY2VzLlNlYXJjaFRleHQQAhgEIAA,,
beach,Cala Millor,4.6,117,Cala Millor,"07560 Cala Millor, Illes Balears",ChIJnV4OMbtBlhIRRbPhdoYs474,,https://maps.google.com/?cid=13754886642951369541&g_mp=Cidnb29nbGUubWFwcy5wbGFjZXMudjEuUGxhY2VzLlNlYXJjaFRleHQQAhgEIAA,,
beach,Playa del Arenal,4.3,105,Palma,"Playa del Arenal, Platja de Palma i Pla de Sant Jordi, 07600 Les Maravelles, Illes Balears",ChIJFTiqhWeWlxIRMl7nTjzJKGI,,https://maps.google.com/?cid=7073124475644370482&g_mp=Cidnb29nbGUubWFwcy5wbGFjZXMudjEuUGxhY2VzLlNlYXJjaFRleHQQAhgEIAA,,
beach,Platja de Camp de Mar,4.5,97,Camp de Mar,"Platja de Camp de Mar, 07160 Camp de Mar, Illes Balears",ChIJ43jvRCknmBIRIMgGwyYJSuo,,https://maps.google.com/?cid=16882316215237134368&g_mp=Cidnb29nbGUubWFwcy5wbGFjZXMudjEuUGxhY2VzLlNlYXJjaFRleHQQAhgEIAA,,
beach,Platja des Traves,4.3,93,Sóller,"Platja des Traves, 07108 Sóller, Balearic Islands",ChIJjz8ZGfDllxIRE2DLnsskr0c,,https://maps.google.com/?cid=5165387754578337811&g_mp=Cidnb29nbGUubWFwcy5wbGFjZXMudjEuUGxhY2VzLlNlYXJjaFRleHQQAhgEIAA,,
beach,Ses Roquetes,4.5,88,Mallorca,"Ses Roquetes, Illes Balears",ChIJM2f3XYuplxIRDPjGnWGqmew,,https://maps.google.com/?cid=17048845200623335436&g_mp=Cidnb29nbGUubWFwcy5wbGFjZXMudjEuUGxhY2VzLlNlYXJjaFRleHQQAhgEIAA,,
beach,Top Beach,4.2,66,Alcúdia,"Platja des Coll Baix, 07400 Alcúdia, Illes Balears",ChIJhWzrtVEplhIRO7fQ74Al26o,,https://maps.google.com/?cid=12311475242056857403&g_mp=Cidnb29nbGUubWFwcy5wbGFjZXMudjEuUGxhY2VzLlNlYXJjaFRleHQQAhgEIAA,,
beach,Platja de Can Curt,4.1,58,Ses Salines,"Platja de Can Curt, 07640 Ses Salines, Illes Balears",ChIJzw-AbpCplxIR03CbZjX4DHw,,https://maps.google.com/?cid=8938792268662010067&g_mp=Cidnb29nbGUubWFwcy5wbGFjZXMudjEuUGxhY2VzLlNlYXJjaFRleHQQAhgEIAA,,
beach,Cala Maioris,4.9,45,Valldemossa,"Plaça Cartoixa, s/n, 07170 Valldemossa, Illes Balears",ChIJNWpgqMOZlxIRdDFIXvIIXO4,,https://maps.google.com/?cid=17175612915941126516&g_mp=Cidnb29nbGUubWFwcy5wbGFjZXMudjEuUGxhY2VzLlNlYXJjaFRleHQQAhgEIAA,,
beach,Platja d’es Coto,4.5,45,Colonia de Sant Jordi,"Platja d’es Coto, 07638 Ses Salines, Balearic Islands",ChIJFz0sMDSplxIRHQzh_l1el1Y,,https://maps.google.com/?cid=6239559566546242589&g_mp=Cidnb29nbGUubWFwcy5wbGFjZXMudjEuUGxhY2VzLlNlYXJjaFRleHQQAhgEIAA,,
beach,Cala de na Llòbriga,4.4,44,Capdepera,"Cala de na Llòbriga, 07589 Capdepera, Balearic Islands",ChIJv8449iAXlhIR2O8fbK6vMAk,,https://maps.google.com/?cid=662222308896665560&g_mp=Cidnb29nbGUubWFwcy5wbGFjZXMudjEuUGxhY2VzLlNlYXJjaFRleHQQAhgEIAA,,
beach,playa de ses dones,5,11,Camp de Mar,"Ctra. Camp de Mar, 20, 07160 Camp de Mar, Illes Balears",ChIJSerJNaAnmBIRplw2SbhyxDs,,https://maps.google.com/?cid=4306693279500885158&g_mp=Cidnb29nbGUubWFwcy5wbGFjZXMudjEuUGxhY2VzLlNlYXJjaFRleHQQAhgEIAA,,
beach,Playas de Capdepera,5,5,Cala Ratjada,"Av. Juan Carlos I, 78, 07590 Cala Rajada, Illes Balears",ChIJETiSQOsXlhIRZX3m-9v5WFo,https://www.playasdecapdepera.com/,https://maps.google.com/?cid=6510227984583392613&g_mp=Cidnb29nbGUubWFwcy5wbGFjZXMudjEuUGxhY2VzLlNlYXJjaFRleHQQAhgEIAA,,
